pedido_id;cliente_id;funcionario_id;data_pedido
1;62;4;2023-01-10
2;17;4;2023-01-10
3;43;4;2023-01-10
4;25;4;2023-01-10
5;3;4;2023-01-10
6;79;4;2023-01-10
7;29;4;2023-01-10
8;32;4;2023-01-10
9;26;4;2023-01-10
10;16;4;2023-01-10
11;25;4;2023-01-10
12;54;4;2023-01-10
13;28;4;2023-01-10
14;73;4;2023-01-11
15;56;4;2023-01-11
16;65;4;2023-01-11
17;93;4;2023-01-11
18;86;4;2023-01-11
19;80;4;2023-01-11
20;41;4;2023-01-11
21;51;4;2023-01-11
22;71;4;2023-01-11
23;78;4;2023-01-11
24;29;4;2023-01-12
25;83;4;2023-01-12
26;19;4;2023-01-12
27;66;4;2023-01-12
28;41;4;2023-01-12
29;45;4;2023-01-12
30;15;4;2023-01-12
31;3;4;2023-01-12
32;11;4;2023-01-12
33;53;4;2023-01-12
34;46;4;2023-01-12
35;30;4;2023-01-12
36;57;4;2023-01-12
37;18;4;2023-01-12
38;51;4;2023-01-12
39;48;4;2023-01-12
40;66;4;2023-01-12
41;96;4;2023-01-13
42;8;4;2023-01-13
43;22;4;2023-01-13
44;6;4;2023-01-13
45;76;4;2023-01-13
46;57;4;2023-01-13
47;36;4;2023-01-13
48;79;4;2023-01-13
49;92;4;2023-01-13
50;57;4;2023-01-13
51;49;4;2023-01-13
52;45;4;2023-01-13
53;82;4;2023-01-13
54;66;4;2023-01-13
55;77;4;2023-01-13
56;45;4;2023-01-13
57;79;4;2023-01-13
58;20;4;2023-01-13
59;64;4;2023-01-13
60;93;4;2023-01-14
61;93;4;2023-01-14
62;67;4;2023-01-14
63;83;4;2023-01-14
64;3;4;2023-01-14
65;54;4;2023-01-14
66;78;4;2023-01-14
67;64;4;2023-01-14
68;40;4;2023-01-14
69;59;4;2023-01-14
70;55;4;2023-01-14
71;62;4;2023-01-14
72;4;4;2023-01-14
73;60;4;2023-01-14
74;75;4;2023-01-14
75;95;4;2023-01-16
76;96;4;2023-01-16
77;91;4;2023-01-16
78;30;4;2023-01-16
79;2;4;2023-01-16
80;62;4;2023-01-16
81;49;4;2023-01-16
82;9;4;2023-01-16
83;92;4;2023-01-16
84;31;4;2023-01-16
85;98;4;2023-01-16
86;61;4;2023-01-16
87;79;4;2023-01-16
88;48;4;2023-01-16
89;25;4;2023-01-17
90;36;4;2023-01-17
91;8;4;2023-01-17
92;73;4;2023-01-17
93;58;4;2023-01-17
94;101;4;2023-01-17
95;45;4;2023-01-17
96;62;4;2023-01-17
97;39;4;2023-01-17
98;96;4;2023-01-17
99;58;4;2023-01-17
100;81;4;2023-01-17
101;99;4;2023-01-17
102;101;4;2023-01-17
103;83;4;2023-01-18
104;64;4;2023-01-18
105;44;4;2023-01-18
106;29;4;2023-01-18
107;59;4;2023-01-18
108;71;4;2023-01-18
109;92;4;2023-01-18
110;9;4;2023-01-18
111;92;4;2023-01-18
112;6;4;2023-01-18
113;29;4;2023-01-18
114;58;4;2023-01-18
115;17;4;2023-01-19
116;16;4;2023-01-19
117;87;4;2023-01-19
118;95;4;2023-01-19
119;3;4;2023-01-19
120;21;4;2023-01-19
121;64;4;2023-01-19
122;90;4;2023-01-19
123;36;4;2023-01-19
124;101;4;2023-01-19
125;86;4;2023-01-19
126;62;4;2023-01-19
127;42;4;2023-01-19
128;76;4;2023-01-19
129;42;4;2023-01-19
130;61;4;2023-01-19
131;13;4;2023-01-19
132;11;4;2023-01-19
133;54;4;2023-01-20
134;16;4;2023-01-20
135;8;4;2023-01-20
136;59;4;2023-01-20
137;57;4;2023-01-20
138;40;4;2023-01-20
139;59;4;2023-01-20
140;2;4;2023-01-20
141;94;4;2023-01-20
142;94;4;2023-01-20
143;76;4;2023-01-20
144;10;4;2023-01-20
145;44;4;2023-01-20
146;11;4;2023-01-20
147;79;4;2023-01-20
148;80;4;2023-01-20
149;81;4;2023-01-21
150;90;4;2023-01-21
151;2;4;2023-01-21
152;50;4;2023-01-21
153;12;4;2023-01-21
154;90;4;2023-01-21
155;23;4;2023-01-21
156;18;4;2023-01-21
157;62;4;2023-01-21
158;96;4;2023-01-21
159;62;4;2023-01-21
160;38;4;2023-01-21
161;67;4;2023-01-21
162;38;4;2023-01-21
163;67;4;2023-01-21
164;94;4;2023-01-21
165;61;4;2023-01-21
166;1;4;2023-01-21
167;94;4;2023-01-21
168;45;4;2023-01-21
169;96;4;2023-01-23
170;28;4;2023-01-23
171;21;4;2023-01-23
172;13;4;2023-01-23
173;27;4;2023-01-23
174;100;4;2023-01-23
175;7;4;2023-01-23
176;22;4;2023-01-23
177;74;4;2023-01-23
178;53;4;2023-01-23
179;79;4;2023-01-23
180;79;4;2023-01-23
181;4;4;2023-01-23
182;96;4;2023-01-24
183;23;4;2023-01-24
184;70;4;2023-01-24
185;88;4;2023-01-24
186;84;4;2023-01-24
187;101;4;2023-01-24
188;84;4;2023-01-24
189;76;4;2023-01-24
190;33;4;2023-01-24
191;28;4;2023-01-24
192;8;4;2023-01-24
193;1;4;2023-01-24
194;37;4;2023-01-25
195;63;4;2023-01-25
196;22;4;2023-01-25
197;70;4;2023-01-25
198;21;4;2023-01-25
199;96;4;2023-01-25
200;35;4;2023-01-25
201;79;4;2023-01-25
202;5;4;2023-01-25
203;60;4;2023-01-25
204;46;4;2023-01-25
205;50;4;2023-01-25
206;48;4;2023-01-26
207;6;4;2023-01-26
208;89;4;2023-01-26
209;56;4;2023-01-26
210;59;4;2023-01-26
211;29;4;2023-01-26
212;71;4;2023-01-26
213;77;4;2023-01-26
214;18;4;2023-01-26
215;2;4;2023-01-26
216;8;4;2023-01-26
217;75;4;2023-01-26
218;97;4;2023-01-26
219;54;4;2023-01-26
220;38;4;2023-01-26
221;48;4;2023-01-26
222;27;4;2023-01-26
223;20;4;2023-01-27
224;12;4;2023-01-27
225;43;4;2023-01-27
226;61;4;2023-01-27
227;31;4;2023-01-27
228;91;4;2023-01-27
229;96;4;2023-01-27
230;61;4;2023-01-27
231;74;4;2023-01-27
232;67;4;2023-01-27
233;91;4;2023-01-27
234;35;4;2023-01-27
235;95;4;2023-01-27
236;15;4;2023-01-27
237;16;4;2023-01-27
238;13;4;2023-01-28
239;35;4;2023-01-28
240;75;4;2023-01-28
241;59;4;2023-01-28
242;21;4;2023-01-28
243;54;4;2023-01-28
244;75;4;2023-01-28
245;30;4;2023-01-28
246;48;4;2023-01-28
247;35;4;2023-01-28
248;86;4;2023-01-28
249;38;4;2023-01-28
250;31;4;2023-01-28
251;78;4;2023-01-28
252;24;4;2023-01-28
253;49;4;2023-01-28
254;96;4;2023-01-28
255;100;4;2023-01-28
256;32;4;2023-01-28
257;55;4;2023-01-28
258;79;4;2023-01-30
259;58;4;2023-01-30
260;99;4;2023-01-30
261;3;4;2023-01-30
262;80;4;2023-01-30
263;69;4;2023-01-30
264;85;4;2023-01-30
265;10;4;2023-01-30
266;83;4;2023-01-30
267;25;4;2023-01-30
268;68;4;2023-01-30
269;61;4;2023-01-30
270;29;4;2023-01-30
271;19;4;2023-01-31
272;43;4;2023-01-31
273;66;4;2023-01-31
274;74;4;2023-01-31
275;61;4;2023-01-31
276;43;4;2023-01-31
277;25;4;2023-01-31
278;20;4;2023-01-31
279;48;4;2023-01-31
280;83;4;2023-01-31
281;87;4;2023-01-31
282;24;4;2023-01-31
283;11;4;2023-01-31
284;98;4;2023-02-01
285;55;4;2023-02-01
286;28;4;2023-02-01
287;69;4;2023-02-01
288;63;4;2023-02-01
289;59;4;2023-02-01
290;5;4;2023-02-01
291;51;4;2023-02-01
292;21;4;2023-02-01
293;12;4;2023-02-01
294;50;4;2023-02-01
295;4;4;2023-02-01
296;42;4;2023-02-01
297;84;4;2023-02-01
298;38;4;2023-02-02
299;25;4;2023-02-02
300;14;4;2023-02-02
301;75;4;2023-02-02
302;32;4;2023-02-02
303;11;4;2023-02-02
304;61;4;2023-02-02
305;18;4;2023-02-02
306;27;4;2023-02-02
307;55;4;2023-02-02
308;54;4;2023-02-02
309;82;4;2023-02-02
310;87;4;2023-02-02
311;75;4;2023-02-02
312;21;4;2023-02-02
313;44;4;2023-02-02
314;5;4;2023-02-02
315;87;4;2023-02-02
316;41;4;2023-02-02
317;59;4;2023-02-03
318;89;4;2023-02-03
319;54;4;2023-02-03
320;74;4;2023-02-03
321;22;4;2023-02-03
322;83;4;2023-02-03
323;65;4;2023-02-03
324;64;4;2023-02-03
325;71;4;2023-02-03
326;4;4;2023-02-03
327;65;4;2023-02-03
328;15;4;2023-02-03
329;76;4;2023-02-03
330;22;4;2023-02-03
331;86;4;2023-02-03
332;47;4;2023-02-03
333;81;4;2023-02-03
334;93;4;2023-02-03
335;46;4;2023-02-03
336;14;4;2023-02-04
337;50;4;2023-02-04
338;20;4;2023-02-04
339;50;4;2023-02-04
340;33;4;2023-02-04
341;59;4;2023-02-04
342;43;4;2023-02-04
343;79;4;2023-02-04
344;12;4;2023-02-04
345;40;4;2023-02-04
346;20;4;2023-02-04
347;94;4;2023-02-04
348;38;4;2023-02-04
349;3;4;2023-02-04
350;28;4;2023-02-04
351;56;4;2023-02-04
352;90;4;2023-02-04
353;94;4;2023-02-06
354;13;4;2023-02-06
355;77;4;2023-02-06
356;66;4;2023-02-06
357;37;4;2023-02-06
358;49;4;2023-02-06
359;66;4;2023-02-06
360;36;4;2023-02-06
361;54;4;2023-02-06
362;26;4;2023-02-06
363;75;4;2023-02-06
364;72;4;2023-02-06
365;40;4;2023-02-06
366;43;4;2023-02-07
367;22;4;2023-02-07
368;20;4;2023-02-07
369;8;4;2023-02-07
370;29;4;2023-02-07
371;40;4;2023-02-07
372;90;4;2023-02-07
373;30;4;2023-02-07
374;81;4;2023-02-07
375;84;4;2023-02-07
376;55;4;2023-02-07
377;16;4;2023-02-07
378;46;4;2023-02-08
379;62;4;2023-02-08
380;7;4;2023-02-08
381;80;4;2023-02-08
382;45;4;2023-02-08
383;59;4;2023-02-08
384;56;4;2023-02-08
385;48;4;2023-02-08
386;27;4;2023-02-08
387;53;4;2023-02-08
388;87;4;2023-02-09
389;88;4;2023-02-09
390;73;4;2023-02-09
391;35;4;2023-02-09
392;51;4;2023-02-09
393;84;4;2023-02-09
394;37;4;2023-02-09
395;81;4;2023-02-09
396;95;4;2023-02-09
397;57;4;2023-02-09
398;8;4;2023-02-09
399;79;4;2023-02-09
400;95;4;2023-02-09
401;94;4;2023-02-09
402;20;4;2023-02-09
403;53;4;2023-02-09
404;12;4;2023-02-09
405;49;4;2023-02-09
406;17;4;2023-02-09
407;64;4;2023-02-10
408;42;4;2023-02-10
409;94;4;2023-02-10
410;29;4;2023-02-10
411;19;4;2023-02-10
412;11;4;2023-02-10
413;98;4;2023-02-10
414;50;4;2023-02-10
415;71;4;2023-02-10
416;58;4;2023-02-10
417;34;4;2023-02-10
418;20;4;2023-02-10
419;50;4;2023-02-10
420;88;4;2023-02-10
421;10;4;2023-02-10
422;32;4;2023-02-10
423;52;4;2023-02-10
424;15;4;2023-02-11
425;101;4;2023-02-11
426;84;4;2023-02-11
427;3;4;2023-02-11
428;37;4;2023-02-11
429;40;4;2023-02-11
430;72;4;2023-02-11
431;40;4;2023-02-11
432;56;4;2023-02-11
433;23;4;2023-02-11
434;11;4;2023-02-11
435;64;4;2023-02-11
436;8;4;2023-02-11
437;93;4;2023-02-11
438;94;4;2023-02-11
439;56;4;2023-02-11
440;60;4;2023-02-11
441;10;4;2023-02-13
442;39;4;2023-02-13
443;28;4;2023-02-13
444;49;4;2023-02-13
445;36;4;2023-02-13
446;13;4;2023-02-13
447;96;4;2023-02-13
448;36;4;2023-02-13
449;101;4;2023-02-13
450;26;4;2023-02-13
451;86;4;2023-02-14
452;4;4;2023-02-14
453;95;4;2023-02-14
454;82;4;2023-02-14
455;64;4;2023-02-14
456;38;4;2023-02-14
457;88;4;2023-02-14
458;87;4;2023-02-14
459;22;4;2023-02-14
460;2;4;2023-02-14
461;31;4;2023-02-14
462;11;4;2023-02-15
463;92;4;2023-02-15
464;46;4;2023-02-15
465;96;4;2023-02-15
466;62;4;2023-02-15
467;69;4;2023-02-15
468;64;4;2023-02-15
469;10;4;2023-02-15
470;40;4;2023-02-15
471;24;4;2023-02-15
472;99;4;2023-02-15
473;44;4;2023-02-15
474;60;4;2023-02-15
475;62;4;2023-02-16
476;87;4;2023-02-16
477;17;4;2023-02-16
478;65;4;2023-02-16
479;95;4;2023-02-16
480;95;4;2023-02-16
481;57;4;2023-02-16
482;55;4;2023-02-16
483;53;4;2023-02-16
484;56;4;2023-02-16
485;98;4;2023-02-16
486;9;4;2023-02-16
487;22;4;2023-02-16
488;13;4;2023-02-16
489;89;4;2023-02-16
490;48;4;2023-02-16
491;18;4;2023-02-16
492;76;4;2023-02-16
493;40;4;2023-02-16
494;17;4;2023-02-16
495;15;4;2023-02-17
496;15;4;2023-02-17
497;79;4;2023-02-17
498;63;4;2023-02-17
499;39;4;2023-02-17
500;13;4;2023-02-17
501;81;4;2023-02-17
502;32;4;2023-02-17
503;9;4;2023-02-17
504;40;4;2023-02-17
505;20;4;2023-02-17
506;90;4;2023-02-17
507;91;4;2023-02-17
508;85;4;2023-02-17
509;82;4;2023-02-17
510;77;4;2023-02-17
511;80;4;2023-02-18
512;73;4;2023-02-18
513;63;4;2023-02-18
514;76;4;2023-02-18
515;44;4;2023-02-18
516;38;4;2023-02-18
517;83;4;2023-02-18
518;60;4;2023-02-18
519;71;4;2023-02-18
520;99;4;2023-02-18
521;48;4;2023-02-18
522;18;4;2023-02-18
523;16;4;2023-02-18
524;55;4;2023-02-18
525;39;4;2023-02-18
526;68;4;2023-02-18
527;59;4;2023-02-18
528;89;4;2023-02-18
529;96;4;2023-02-18
530;62;4;2023-02-20
531;13;4;2023-02-20
532;81;4;2023-02-20
533;101;4;2023-02-20
534;6;4;2023-02-20
535;83;4;2023-02-20
536;77;4;2023-02-20
537;60;4;2023-02-20
538;90;4;2023-02-20
539;14;4;2023-02-20
540;95;4;2023-02-20
541;54;4;2023-02-20
542;4;4;2023-02-21
543;39;4;2023-02-21
544;72;4;2023-02-21
545;25;4;2023-02-21
546;77;4;2023-02-21
547;32;4;2023-02-21
548;59;4;2023-02-21
549;63;4;2023-02-21
550;38;4;2023-02-21
551;92;4;2023-02-21
552;53;4;2023-02-22
553;94;4;2023-02-22
554;67;4;2023-02-22
555;28;4;2023-02-22
556;3;4;2023-02-22
557;98;4;2023-02-22
558;80;4;2023-02-22
559;22;4;2023-02-22
560;96;4;2023-02-22
561;38;4;2023-02-22
562;72;4;2023-02-23
563;72;4;2023-02-23
564;62;4;2023-02-23
565;57;4;2023-02-23
566;6;4;2023-02-23
567;78;4;2023-02-23
568;32;4;2023-02-23
569;99;4;2023-02-23
570;10;4;2023-02-23
571;3;4;2023-02-23
572;59;4;2023-02-23
573;76;4;2023-02-23
574;49;4;2023-02-23
575;59;4;2023-02-23
576;31;4;2023-02-23
577;93;4;2023-02-23
578;69;4;2023-02-23
579;62;4;2023-02-23
580;52;4;2023-02-24
581;89;4;2023-02-24
582;41;4;2023-02-24
583;31;4;2023-02-24
584;85;4;2023-02-24
585;84;4;2023-02-24
586;22;4;2023-02-24
587;4;4;2023-02-24
588;13;4;2023-02-24
589;45;4;2023-02-24
590;42;4;2023-02-24
591;49;4;2023-02-24
592;20;4;2023-02-24
593;77;4;2023-02-24
594;81;4;2023-02-24
595;54;4;2023-02-24
596;36;4;2023-02-25
597;97;4;2023-02-25
598;1;4;2023-02-25
599;15;4;2023-02-25
600;77;4;2023-02-25
601;17;4;2023-02-25
602;24;4;2023-02-25
603;58;4;2023-02-25
604;72;4;2023-02-25
605;91;4;2023-02-25
606;23;4;2023-02-25
607;46;4;2023-02-25
608;72;4;2023-02-25
609;8;4;2023-02-25
610;59;4;2023-02-25
611;90;4;2023-02-25
612;59;4;2023-02-25
613;13;4;2023-02-25
614;39;4;2023-02-27
615;101;4;2023-02-27
616;28;4;2023-02-27
617;89;4;2023-02-27
618;61;4;2023-02-27
619;16;4;2023-02-27
620;2;4;2023-02-27
621;82;4;2023-02-27
622;17;4;2023-02-27
623;30;4;2023-02-27
624;13;4;2023-02-27
625;96;4;2023-02-27
626;93;4;2023-02-28
627;94;4;2023-02-28
628;82;4;2023-02-28
629;13;4;2023-02-28
630;43;4;2023-02-28
631;85;4;2023-02-28
632;94;4;2023-02-28
633;21;4;2023-02-28
634;55;4;2023-02-28
635;81;4;2023-02-28
636;40;4;2023-02-28
637;83;4;2023-02-28
638;15;4;2023-02-28
639;73;4;2023-03-01
640;52;4;2023-03-01
641;74;4;2023-03-01
642;95;4;2023-03-01
643;53;4;2023-03-01
644;87;4;2023-03-01
645;52;4;2023-03-01
646;30;4;2023-03-01
647;33;4;2023-03-01
648;57;4;2023-03-01
649;52;4;2023-03-02
650;9;4;2023-03-02
651;54;4;2023-03-02
652;1;4;2023-03-02
653;44;4;2023-03-02
654;99;4;2023-03-02
655;75;4;2023-03-02
656;98;4;2023-03-02
657;80;4;2023-03-02
658;9;4;2023-03-02
659;32;4;2023-03-02
660;15;4;2023-03-02
661;12;4;2023-03-02
662;97;4;2023-03-02
663;78;4;2023-03-02
664;57;4;2023-03-03
665;8;4;2023-03-03
666;72;4;2023-03-03
667;27;4;2023-03-03
668;62;4;2023-03-03
669;12;4;2023-03-03
670;65;4;2023-03-03
671;42;4;2023-03-03
672;62;4;2023-03-03
673;11;4;2023-03-03
674;43;4;2023-03-03
675;95;4;2023-03-03
676;17;4;2023-03-03
677;97;4;2023-03-03
678;32;4;2023-03-03
679;93;4;2023-03-03
680;85;4;2023-03-03
681;85;4;2023-03-03
682;40;4;2023-03-03
683;23;4;2023-03-04
684;56;4;2023-03-04
685;6;4;2023-03-04
686;86;4;2023-03-04
687;50;4;2023-03-04
688;37;4;2023-03-04
689;64;4;2023-03-04
690;54;4;2023-03-04
691;72;4;2023-03-04
692;49;4;2023-03-04
693;99;4;2023-03-04
694;11;4;2023-03-04
695;88;4;2023-03-04
696;49;4;2023-03-04
697;21;4;2023-03-04
698;66;4;2023-03-04
699;63;4;2023-03-04
700;83;4;2023-03-04
701;28;4;2023-03-04
702;17;4;2023-03-06
703;6;4;2023-03-06
704;19;4;2023-03-06
705;56;4;2023-03-06
706;28;4;2023-03-06
707;66;4;2023-03-06
708;38;4;2023-03-06
709;37;4;2023-03-06
710;68;4;2023-03-06
711;86;4;2023-03-06
712;90;4;2023-03-06
713;49;4;2023-03-06
714;43;4;2023-03-07
715;36;4;2023-03-07
716;58;4;2023-03-07
717;13;4;2023-03-07
718;52;4;2023-03-07
719;58;4;2023-03-07
720;32;4;2023-03-07
721;81;4;2023-03-07
722;100;4;2023-03-07
723;60;4;2023-03-07
724;83;4;2023-03-07
725;58;4;2023-03-08
726;99;4;2023-03-08
727;56;4;2023-03-08
728;28;4;2023-03-08
729;1;4;2023-03-08
730;42;4;2023-03-08
731;82;4;2023-03-08
732;48;4;2023-03-08
733;40;4;2023-03-08
734;97;4;2023-03-08
735;63;4;2023-03-08
736;76;4;2023-03-08
737;72;4;2023-03-08
738;88;4;2023-03-09
739;80;4;2023-03-09
740;4;4;2023-03-09
741;38;4;2023-03-09
742;27;4;2023-03-09
743;9;4;2023-03-09
744;16;4;2023-03-09
745;56;4;2023-03-09
746;76;4;2023-03-09
747;31;4;2023-03-09
748;88;4;2023-03-09
749;14;4;2023-03-09
750;25;4;2023-03-09
751;34;4;2023-03-09
752;67;4;2023-03-09
753;24;4;2023-03-09
754;73;4;2023-03-09
755;26;4;2023-03-10
756;20;4;2023-03-10
757;64;4;2023-03-10
758;10;4;2023-03-10
759;83;4;2023-03-10
760;67;4;2023-03-10
761;24;4;2023-03-10
762;5;4;2023-03-10
763;67;4;2023-03-10
764;58;4;2023-03-10
765;27;4;2023-03-10
766;80;4;2023-03-10
767;15;4;2023-03-10
768;35;4;2023-03-10
769;76;4;2023-03-10
770;53;4;2023-03-10
771;44;4;2023-03-10
772;26;4;2023-03-10
773;47;4;2023-03-10
774;34;4;2023-03-11
775;87;4;2023-03-11
776;95;4;2023-03-11
777;50;4;2023-03-11
778;84;4;2023-03-11
779;12;4;2023-03-11
780;87;4;2023-03-11
781;4;4;2023-03-11
782;87;4;2023-03-11
783;48;4;2023-03-11
784;55;4;2023-03-11
785;1;4;2023-03-11
786;89;4;2023-03-11
787;66;4;2023-03-11
788;30;4;2023-03-11
789;3;4;2023-03-11
790;21;4;2023-03-11
791;89;4;2023-03-11
792;84;4;2023-03-13
793;49;4;2023-03-13
794;86;4;2023-03-13
795;85;4;2023-03-13
796;62;4;2023-03-13
797;97;4;2023-03-13
798;38;4;2023-03-13
799;15;4;2023-03-13
800;52;4;2023-03-13
801;79;4;2023-03-13
802;46;4;2023-03-13
803;25;4;2023-03-13
804;21;4;2023-03-13
805;88;4;2023-03-13
806;5;4;2023-03-14
807;70;4;2023-03-14
808;47;4;2023-03-14
809;87;4;2023-03-14
810;68;4;2023-03-14
811;91;4;2023-03-14
812;18;4;2023-03-14
813;21;4;2023-03-14
814;92;4;2023-03-14
815;99;4;2023-03-14
816;86;4;2023-03-14
817;23;4;2023-03-14
818;64;4;2023-03-14
819;67;4;2023-03-15
820;40;5;2023-03-15
821;10;5;2023-03-15
822;89;4;2023-03-15
823;52;4;2023-03-15
824;72;5;2023-03-15
825;75;5;2023-03-15
826;61;4;2023-03-15
827;64;4;2023-03-15
828;5;5;2023-03-15
829;53;5;2023-03-15
830;55;5;2023-03-16
831;37;4;2023-03-16
832;56;5;2023-03-16
833;59;5;2023-03-16
834;93;4;2023-03-16
835;69;5;2023-03-16
836;73;4;2023-03-16
837;59;5;2023-03-16
838;2;5;2023-03-16
839;65;4;2023-03-16
840;60;4;2023-03-16
841;51;5;2023-03-16
842;30;5;2023-03-16
843;11;5;2023-03-16
844;92;4;2023-03-16
845;76;5;2023-03-16
846;39;4;2023-03-16
847;90;4;2023-03-16
848;77;5;2023-03-17
849;72;5;2023-03-17
850;63;5;2023-03-17
851;64;5;2023-03-17
852;61;5;2023-03-17
853;54;4;2023-03-17
854;92;4;2023-03-17
855;94;5;2023-03-17
856;73;5;2023-03-17
857;95;4;2023-03-17
858;58;4;2023-03-17
859;85;4;2023-03-17
860;56;4;2023-03-17
861;34;5;2023-03-17
862;31;5;2023-03-17
863;52;4;2023-03-17
864;89;5;2023-03-17
865;76;4;2023-03-17
866;1;5;2023-03-17
867;55;5;2023-03-18
868;22;4;2023-03-18
869;40;4;2023-03-18
870;101;5;2023-03-18
871;1;4;2023-03-18
872;65;5;2023-03-18
873;63;5;2023-03-18
874;54;4;2023-03-18
875;42;5;2023-03-18
876;21;5;2023-03-18
877;79;5;2023-03-18
878;81;5;2023-03-18
879;22;5;2023-03-18
880;38;4;2023-03-18
881;99;5;2023-03-18
882;80;5;2023-03-18
883;8;5;2023-03-18
884;62;5;2023-03-20
885;47;4;2023-03-20
886;17;5;2023-03-20
887;17;4;2023-03-20
888;90;4;2023-03-20
889;13;4;2023-03-20
890;17;4;2023-03-20
891;38;5;2023-03-20
892;81;4;2023-03-20
893;78;4;2023-03-20
894;45;5;2023-03-20
895;6;5;2023-03-21
896;35;4;2023-03-21
897;14;5;2023-03-21
898;72;5;2023-03-21
899;61;4;2023-03-21
900;15;5;2023-03-21
901;54;5;2023-03-21
902;27;5;2023-03-21
903;13;5;2023-03-21
904;31;4;2023-03-21
905;35;5;2023-03-21
906;60;4;2023-03-22
907;6;5;2023-03-22
908;69;4;2023-03-22
909;86;5;2023-03-22
910;58;4;2023-03-22
911;49;4;2023-03-22
912;23;4;2023-03-22
913;89;4;2023-03-22
914;34;5;2023-03-22
915;26;4;2023-03-22
916;47;5;2023-03-22
917;5;4;2023-03-23
918;90;4;2023-03-23
919;20;5;2023-03-23
920;6;4;2023-03-23
921;70;5;2023-03-23
922;59;5;2023-03-23
923;64;5;2023-03-23
924;18;5;2023-03-23
925;4;5;2023-03-23
926;17;5;2023-03-23
927;14;5;2023-03-23
928;78;5;2023-03-23
929;13;5;2023-03-23
930;7;4;2023-03-23
931;44;4;2023-03-23
932;15;5;2023-03-24
933;19;5;2023-03-24
934;63;5;2023-03-24
935;35;5;2023-03-24
936;81;5;2023-03-24
937;35;5;2023-03-24
938;19;5;2023-03-24
939;20;4;2023-03-24
940;100;4;2023-03-24
941;35;4;2023-03-24
942;32;4;2023-03-24
943;48;5;2023-03-24
944;44;5;2023-03-24
945;24;5;2023-03-24
946;61;4;2023-03-24
947;17;5;2023-03-24
948;71;5;2023-03-24
949;50;4;2023-03-25
950;65;5;2023-03-25
951;99;4;2023-03-25
952;32;4;2023-03-25
953;36;4;2023-03-25
954;13;4;2023-03-25
955;70;5;2023-03-25
956;58;4;2023-03-25
957;14;4;2023-03-25
958;37;5;2023-03-25
959;79;5;2023-03-25
960;68;4;2023-03-25
961;40;5;2023-03-25
962;59;4;2023-03-25
963;80;4;2023-03-25
964;92;4;2023-03-25
965;16;4;2023-03-25
966;62;5;2023-03-25
967;4;5;2023-03-27
968;45;5;2023-03-27
969;90;5;2023-03-27
970;28;5;2023-03-27
971;96;4;2023-03-27
972;66;5;2023-03-27
973;31;4;2023-03-27
974;3;5;2023-03-27
975;8;5;2023-03-27
976;24;4;2023-03-27
977;15;4;2023-03-27
978;43;4;2023-03-27
979;31;5;2023-03-28
980;73;4;2023-03-28
981;45;4;2023-03-28
982;66;4;2023-03-28
983;8;4;2023-03-28
984;71;5;2023-03-28
985;57;4;2023-03-28
986;80;4;2023-03-28
987;99;4;2023-03-28
988;30;4;2023-03-28
989;74;5;2023-03-28
990;18;4;2023-03-28
991;69;5;2023-03-28
992;93;4;2023-03-29
993;39;5;2023-03-29
994;60;4;2023-03-29
995;98;5;2023-03-29
996;43;5;2023-03-29
997;45;4;2023-03-29
998;23;5;2023-03-29
999;69;5;2023-03-29
1000;94;5;2023-03-29
1001;6;5;2023-03-29
1002;56;5;2023-03-29
1003;4;5;2023-03-29
1004;93;5;2023-03-29
1005;23;5;2023-03-29
1006;6;4;2023-03-30
1007;32;5;2023-03-30
1008;18;4;2023-03-30
1009;15;5;2023-03-30
1010;40;5;2023-03-30
1011;96;4;2023-03-30
1012;73;5;2023-03-30
1013;101;5;2023-03-30
1014;74;5;2023-03-30
1015;84;5;2023-03-30
1016;6;4;2023-03-30
1017;63;5;2023-03-30
1018;67;5;2023-03-30
1019;11;5;2023-03-30
1020;43;4;2023-03-30
1021;17;4;2023-03-31
1022;96;4;2023-03-31
1023;4;5;2023-03-31
1024;63;5;2023-03-31
1025;68;4;2023-03-31
1026;81;5;2023-03-31
1027;41;4;2023-03-31
1028;83;4;2023-03-31
1029;5;5;2023-03-31
1030;32;5;2023-03-31
1031;86;4;2023-03-31
1032;70;4;2023-03-31
1033;35;4;2023-03-31
1034;22;4;2023-03-31
1035;65;5;2023-03-31
1036;84;5;2023-03-31
1037;22;5;2023-04-01
1038;11;5;2023-04-01
1039;77;4;2023-04-01
1040;3;5;2023-04-01
1041;9;5;2023-04-01
1042;60;5;2023-04-01
1043;76;5;2023-04-01
1044;87;5;2023-04-01
1045;14;4;2023-04-01
1046;97;4;2023-04-01
1047;18;4;2023-04-01
1048;73;5;2023-04-01
1049;23;4;2023-04-01
1050;74;4;2023-04-01
1051;83;5;2023-04-01
1052;47;5;2023-04-01
1053;69;5;2023-04-01
1054;47;4;2023-04-01
1055;87;5;2023-04-03
1056;30;5;2023-04-03
1057;25;4;2023-04-03
1058;28;5;2023-04-03
1059;98;4;2023-04-03
1060;25;4;2023-04-03
1061;74;4;2023-04-03
1062;78;4;2023-04-03
1063;58;5;2023-04-03
1064;94;5;2023-04-03
1065;41;4;2023-04-04
1066;25;4;2023-04-04
1067;78;4;2023-04-04
1068;99;4;2023-04-04
1069;48;5;2023-04-04
1070;98;5;2023-04-04
1071;10;5;2023-04-04
1072;99;5;2023-04-04
1073;75;4;2023-04-04
1074;11;4;2023-04-04
1075;85;4;2023-04-04
1076;21;4;2023-04-04
1077;86;5;2023-04-05
1078;45;4;2023-04-05
1079;7;5;2023-04-05
1080;81;5;2023-04-05
1081;64;5;2023-04-05
1082;64;5;2023-04-05
1083;2;4;2023-04-05
1084;76;5;2023-04-05
1085;42;5;2023-04-05
1086;82;5;2023-04-05
1087;54;4;2023-04-05
1088;75;4;2023-04-05
1089;16;5;2023-04-06
1090;18;5;2023-04-06
1091;99;4;2023-04-06
1092;59;5;2023-04-06
1093;90;4;2023-04-06
1094;16;4;2023-04-06
1095;6;5;2023-04-06
1096;57;5;2023-04-06
1097;47;5;2023-04-06
1098;48;5;2023-04-06
1099;42;4;2023-04-06
1100;76;4;2023-04-06
1101;60;4;2023-04-06
1102;77;4;2023-04-06
1103;4;4;2023-04-06
1104;2;5;2023-04-06
1105;90;4;2023-04-06
1106;59;4;2023-04-06
1107;27;4;2023-04-06
1108;27;5;2023-04-07
1109;79;5;2023-04-07
1110;72;4;2023-04-07
1111;7;4;2023-04-07
1112;63;5;2023-04-07
1113;46;5;2023-04-07
1114;63;4;2023-04-07
1115;12;4;2023-04-07
1116;13;5;2023-04-07
1117;43;5;2023-04-07
1118;17;5;2023-04-07
1119;63;5;2023-04-07
1120;81;4;2023-04-07
1121;36;4;2023-04-07
1122;85;4;2023-04-07
1123;8;5;2023-04-07
1124;69;5;2023-04-07
1125;90;4;2023-04-07
1126;80;4;2023-04-08
1127;36;4;2023-04-08
1128;28;5;2023-04-08
1129;93;4;2023-04-08
1130;47;4;2023-04-08
1131;76;4;2023-04-08
1132;101;4;2023-04-08
1133;30;4;2023-04-08
1134;23;4;2023-04-08
1135;16;4;2023-04-08
1136;14;5;2023-04-08
1137;74;5;2023-04-08
1138;71;5;2023-04-08
1139;52;5;2023-04-08
1140;37;4;2023-04-08
1141;29;5;2023-04-10
1142;67;4;2023-04-10
1143;15;4;2023-04-10
1144;100;5;2023-04-10
1145;47;5;2023-04-10
1146;46;4;2023-04-10
1147;52;5;2023-04-10
1148;19;4;2023-04-10
1149;77;4;2023-04-10
1150;21;4;2023-04-10
1151;64;4;2023-04-10
1152;37;5;2023-04-11
1153;27;4;2023-04-11
1154;55;5;2023-04-11
1155;29;5;2023-04-11
1156;20;5;2023-04-11
1157;25;4;2023-04-11
1158;70;5;2023-04-11
1159;63;5;2023-04-11
1160;36;4;2023-04-11
1161;2;5;2023-04-11
1162;22;5;2023-04-11
1163;96;5;2023-04-11
1164;16;5;2023-04-12
1165;18;4;2023-04-12
1166;69;5;2023-04-12
1167;54;5;2023-04-12
1168;100;4;2023-04-12
1169;30;4;2023-04-12
1170;45;4;2023-04-12
1171;19;5;2023-04-12
1172;87;4;2023-04-12
1173;34;5;2023-04-12
1174;13;5;2023-04-12
1175;43;4;2023-04-13
1176;62;5;2023-04-13
1177;93;4;2023-04-13
1178;100;5;2023-04-13
1179;22;4;2023-04-13
1180;52;4;2023-04-13
1181;52;4;2023-04-13
1182;36;5;2023-04-13
1183;73;4;2023-04-13
1184;19;5;2023-04-13
1185;38;5;2023-04-13
1186;70;5;2023-04-13
1187;79;5;2023-04-13
1188;57;4;2023-04-13
1189;20;5;2023-04-13
1190;9;5;2023-04-13
1191;32;4;2023-04-13
1192;4;5;2023-04-13
1193;50;4;2023-04-13
1194;82;4;2023-04-14
1195;5;5;2023-04-14
1196;20;4;2023-04-14
1197;87;5;2023-04-14
1198;75;5;2023-04-14
1199;37;4;2023-04-14
1200;22;4;2023-04-14
1201;58;4;2023-04-14
1202;68;4;2023-04-14
1203;93;5;2023-04-14
1204;44;5;2023-04-14
1205;34;4;2023-04-14
1206;77;5;2023-04-14
1207;42;4;2023-04-14
1208;9;4;2023-04-14
1209;95;5;2023-04-14
1210;7;5;2023-04-14
1211;68;5;2023-04-14
1212;19;5;2023-04-15
1213;94;5;2023-04-15
1214;31;5;2023-04-15
1215;35;4;2023-04-15
1216;57;4;2023-04-15
1217;85;4;2023-04-15
1218;61;4;2023-04-15
1219;31;4;2023-04-15
1220;83;5;2023-04-15
1221;95;4;2023-04-15
1222;53;4;2023-04-15
1223;32;4;2023-04-15
1224;66;4;2023-04-15
1225;59;4;2023-04-15
1226;10;4;2023-04-15
1227;2;4;2023-04-15
1228;66;5;2023-04-17
1229;60;4;2023-04-17
1230;88;5;2023-04-17
1231;17;5;2023-04-17
1232;96;5;2023-04-17
1233;16;5;2023-04-17
1234;16;4;2023-04-17
1235;46;5;2023-04-17
1236;39;5;2023-04-17
1237;31;5;2023-04-17
1238;88;4;2023-04-17
1239;1;4;2023-04-17
1240;11;4;2023-04-17
1241;85;4;2023-04-18
1242;4;4;2023-04-18
1243;71;4;2023-04-18
1244;26;5;2023-04-18
1245;50;5;2023-04-18
1246;12;5;2023-04-18
1247;95;4;2023-04-18
1248;81;4;2023-04-18
1249;97;4;2023-04-18
1250;75;4;2023-04-18
1251;92;4;2023-04-18
1252;96;5;2023-04-18
1253;65;4;2023-04-19
1254;47;4;2023-04-19
1255;92;4;2023-04-19
1256;53;4;2023-04-19
1257;71;5;2023-04-19
1258;2;4;2023-04-19
1259;24;4;2023-04-19
1260;4;4;2023-04-19
1261;19;4;2023-04-19
1262;26;5;2023-04-19
1263;75;4;2023-04-19
1264;40;5;2023-04-20
1265;50;5;2023-04-20
1266;43;5;2023-04-20
1267;75;4;2023-04-20
1268;67;4;2023-04-20
1269;12;5;2023-04-20
1270;67;5;2023-04-20
1271;27;5;2023-04-20
1272;54;5;2023-04-20
1273;66;5;2023-04-20
1274;49;5;2023-04-20
1275;16;4;2023-04-20
1276;2;4;2023-04-20
1277;60;4;2023-04-20
1278;54;5;2023-04-20
1279;30;5;2023-04-20
1280;84;5;2023-04-20
1281;38;5;2023-04-21
1282;28;5;2023-04-21
1283;25;4;2023-04-21
1284;96;4;2023-04-21
1285;10;5;2023-04-21
1286;60;4;2023-04-21
1287;42;5;2023-04-21
1288;40;4;2023-04-21
1289;97;5;2023-04-21
1290;77;5;2023-04-21
1291;42;4;2023-04-21
1292;47;4;2023-04-21
1293;37;5;2023-04-21
1294;80;5;2023-04-21
1295;22;4;2023-04-21
1296;57;4;2023-04-21
1297;84;5;2023-04-22
1298;27;5;2023-04-22
1299;41;5;2023-04-22
1300;80;4;2023-04-22
1301;34;4;2023-04-22
1302;32;4;2023-04-22
1303;90;4;2023-04-22
1304;89;4;2023-04-22
1305;66;4;2023-04-22
1306;12;4;2023-04-22
1307;40;5;2023-04-22
1308;73;4;2023-04-22
1309;76;4;2023-04-22
1310;90;5;2023-04-22
1311;73;4;2023-04-22
1312;10;4;2023-04-22
1313;96;5;2023-04-22
1314;98;4;2023-04-22
1315;48;4;2023-04-22
1316;20;4;2023-04-22
1317;39;4;2023-04-24
1318;60;4;2023-04-24
1319;66;5;2023-04-24
1320;65;4;2023-04-24
1321;51;5;2023-04-24
1322;36;5;2023-04-24
1323;24;4;2023-04-24
1324;27;5;2023-04-24
1325;2;5;2023-04-24
1326;31;4;2023-04-24
1327;57;5;2023-04-24
1328;78;5;2023-04-24
1329;66;4;2023-04-24
1330;29;4;2023-04-25
1331;15;5;2023-04-25
1332;12;4;2023-04-25
1333;101;5;2023-04-25
1334;28;5;2023-04-25
1335;84;5;2023-04-25
1336;24;5;2023-04-25
1337;21;5;2023-04-25
1338;10;5;2023-04-25
1339;78;5;2023-04-25
1340;101;4;2023-04-25
1341;18;4;2023-04-25
1342;88;5;2023-04-25
1343;14;5;2023-04-25
1344;34;5;2023-04-26
1345;58;4;2023-04-26
1346;76;4;2023-04-26
1347;22;4;2023-04-26
1348;70;5;2023-04-26
1349;36;5;2023-04-26
1350;45;4;2023-04-26
1351;36;4;2023-04-26
1352;22;4;2023-04-26
1353;78;4;2023-04-26
1354;80;5;2023-04-27
1355;61;4;2023-04-27
1356;100;5;2023-04-27
1357;56;5;2023-04-27
1358;89;5;2023-04-27
1359;96;5;2023-04-27
1360;33;5;2023-04-27
1361;45;5;2023-04-27
1362;36;4;2023-04-27
1363;20;5;2023-04-27
1364;18;4;2023-04-27
1365;38;5;2023-04-27
1366;67;5;2023-04-27
1367;23;4;2023-04-27
1368;96;5;2023-04-27
1369;16;4;2023-04-28
1370;59;4;2023-04-28
1371;69;5;2023-04-28
1372;68;5;2023-04-28
1373;21;4;2023-04-28
1374;78;5;2023-04-28
1375;95;5;2023-04-28
1376;78;4;2023-04-28
1377;70;5;2023-04-28
1378;12;4;2023-04-28
1379;16;4;2023-04-28
1380;81;5;2023-04-28
1381;87;5;2023-04-28
1382;14;5;2023-04-28
1383;61;4;2023-04-28
1384;71;4;2023-04-28
1385;46;5;2023-04-28
1386;32;5;2023-04-29
1387;15;4;2023-04-29
1388;44;4;2023-04-29
1389;17;5;2023-04-29
1390;41;5;2023-04-29
1391;54;5;2023-04-29
1392;44;4;2023-04-29
1393;98;5;2023-04-29
1394;5;5;2023-04-29
1395;27;4;2023-04-29
1396;87;5;2023-04-29
1397;78;4;2023-04-29
1398;79;5;2023-04-29
1399;43;4;2023-04-29
1400;97;5;2023-04-29
1401;31;4;2023-05-01
1402;99;4;2023-05-01
1403;17;5;2023-05-01
1404;92;4;2023-05-01
1405;83;4;2023-05-01
1406;54;4;2023-05-01
1407;62;4;2023-05-01
1408;87;5;2023-05-01
1409;32;5;2023-05-01
1410;40;4;2023-05-01
1411;13;4;2023-05-01
1412;84;4;2023-05-02
1413;35;5;2023-05-02
1414;5;5;2023-05-02
1415;73;4;2023-05-02
1416;29;4;2023-05-02
1417;70;4;2023-05-02
1418;25;5;2023-05-02
1419;95;4;2023-05-02
1420;22;5;2023-05-02
1421;66;4;2023-05-02
1422;45;5;2023-05-02
1423;69;4;2023-05-02
1424;91;5;2023-05-02
1425;89;4;2023-05-02
1426;72;4;2023-05-03
1427;1;5;2023-05-03
1428;84;4;2023-05-03
1429;44;5;2023-05-03
1430;87;5;2023-05-03
1431;96;4;2023-05-03
1432;75;4;2023-05-03
1433;39;4;2023-05-03
1434;54;5;2023-05-03
1435;88;4;2023-05-03
1436;75;5;2023-05-03
1437;29;5;2023-05-03
1438;54;4;2023-05-03
1439;90;4;2023-05-03
1440;16;4;2023-05-04
1441;99;4;2023-05-04
1442;20;4;2023-05-04
1443;46;5;2023-05-04
1444;67;5;2023-05-04
1445;65;5;2023-05-04
1446;58;4;2023-05-04
1447;53;5;2023-05-04
1448;1;5;2023-05-04
1449;81;5;2023-05-04
1450;66;5;2023-05-04
1451;29;5;2023-05-04
1452;84;4;2023-05-04
1453;70;4;2023-05-04
1454;8;5;2023-05-04
1455;29;5;2023-05-05
1456;51;4;2023-05-05
1457;33;4;2023-05-05
1458;3;5;2023-05-05
1459;60;4;2023-05-05
1460;35;4;2023-05-05
1461;69;5;2023-05-05
1462;91;4;2023-05-05
1463;76;4;2023-05-05
1464;84;5;2023-05-05
1465;20;4;2023-05-05
1466;73;4;2023-05-05
1467;39;5;2023-05-05
1468;4;4;2023-05-05
1469;19;4;2023-05-05
1470;91;5;2023-05-05
1471;45;5;2023-05-05
1472;43;5;2023-05-05
1473;13;5;2023-05-06
1474;13;4;2023-05-06
1475;60;5;2023-05-06
1476;57;4;2023-05-06
1477;86;5;2023-05-06
1478;92;5;2023-05-06
1479;52;5;2023-05-06
1480;53;5;2023-05-06
1481;86;4;2023-05-06
1482;43;5;2023-05-06
1483;83;5;2023-05-06
1484;72;4;2023-05-06
1485;72;5;2023-05-06
1486;42;4;2023-05-06
1487;90;5;2023-05-06
1488;26;5;2023-05-06
1489;23;5;2023-05-06
1490;43;4;2023-05-06
1491;77;5;2023-05-06
1492;28;5;2023-05-08
1493;9;4;2023-05-08
1494;20;4;2023-05-08
1495;56;5;2023-05-08
1496;83;4;2023-05-08
1497;39;5;2023-05-08
1498;51;5;2023-05-08
1499;12;5;2023-05-08
1500;79;5;2023-05-08
1501;95;5;2023-05-08
1502;55;5;2023-05-08
1503;78;4;2023-05-09
1504;11;4;2023-05-09
1505;26;4;2023-05-09
1506;42;4;2023-05-09
1507;27;4;2023-05-09
1508;11;4;2023-05-09
1509;38;4;2023-05-09
1510;98;5;2023-05-09
1511;43;5;2023-05-09
1512;19;5;2023-05-09
1513;64;5;2023-05-09
1514;6;4;2023-05-09
1515;46;4;2023-05-09
1516;42;4;2023-05-10
1517;92;5;2023-05-10
1518;65;5;2023-05-10
1519;99;5;2023-05-10
1520;72;5;2023-05-10
1521;59;4;2023-05-10
1522;52;5;2023-05-10
1523;47;5;2023-05-10
1524;7;4;2023-05-10
1525;11;4;2023-05-10
1526;61;5;2023-05-10
1527;68;4;2023-05-10
1528;25;5;2023-05-10
1529;12;4;2023-05-11
1530;26;5;2023-05-11
1531;12;5;2023-05-11
1532;43;5;2023-05-11
1533;51;5;2023-05-11
1534;37;4;2023-05-11
1535;46;4;2023-05-11
1536;53;5;2023-05-11
1537;88;4;2023-05-11
1538;80;5;2023-05-11
1539;13;5;2023-05-11
1540;89;5;2023-05-11
1541;54;5;2023-05-11
1542;57;5;2023-05-11
1543;4;4;2023-05-11
1544;75;5;2023-05-11
1545;96;4;2023-05-11
1546;49;4;2023-05-11
1547;7;5;2023-05-11
1548;11;5;2023-05-11
1549;92;5;2023-05-12
1550;54;5;2023-05-12
1551;87;4;2023-05-12
1552;45;5;2023-05-12
1553;23;5;2023-05-12
1554;28;4;2023-05-12
1555;57;4;2023-05-12
1556;26;5;2023-05-12
1557;25;4;2023-05-12
1558;54;5;2023-05-12
1559;29;4;2023-05-12
1560;83;4;2023-05-12
1561;97;5;2023-05-12
1562;36;4;2023-05-12
1563;14;4;2023-05-12
1564;78;4;2023-05-12
1565;35;4;2023-05-12
1566;30;4;2023-05-12
1567;92;4;2023-05-12
1568;17;5;2023-05-12
1569;67;4;2023-05-13
1570;80;5;2023-05-13
1571;30;5;2023-05-13
1572;93;5;2023-05-13
1573;45;4;2023-05-13
1574;79;5;2023-05-13
1575;89;4;2023-05-13
1576;51;5;2023-05-13
1577;47;4;2023-05-13
1578;53;4;2023-05-13
1579;64;5;2023-05-13
1580;38;5;2023-05-13
1581;64;4;2023-05-13
1582;87;5;2023-05-13
1583;89;5;2023-05-13
1584;7;5;2023-05-13
1585;22;4;2023-05-13
1586;81;4;2023-05-13
1587;82;5;2023-05-13
1588;41;5;2023-05-13
1589;74;4;2023-05-15
1590;10;4;2023-05-15
1591;57;5;2023-05-15
1592;7;5;2023-05-15
1593;50;5;2023-05-15
1594;91;5;2023-05-15
1595;52;5;2023-05-15
1596;33;5;2023-05-15
1597;1;4;2023-05-15
1598;53;5;2023-05-15
1599;60;4;2023-05-15
1600;34;5;2023-05-16
1601;4;4;2023-05-16
1602;17;4;2023-05-16
1603;4;4;2023-05-16
1604;43;4;2023-05-16
1605;90;5;2023-05-16
1606;4;4;2023-05-16
1607;1;5;2023-05-16
1608;71;4;2023-05-16
1609;94;5;2023-05-16
1610;50;5;2023-05-16
1611;73;5;2023-05-16
1612;61;5;2023-05-16
1613;35;4;2023-05-17
1614;8;5;2023-05-17
1615;24;4;2023-05-17
1616;83;4;2023-05-17
1617;36;5;2023-05-17
1618;50;4;2023-05-17
1619;43;5;2023-05-17
1620;27;4;2023-05-17
1621;32;5;2023-05-17
1622;78;4;2023-05-17
1623;18;5;2023-05-17
1624;28;5;2023-05-18
1625;29;4;2023-05-18
1626;16;5;2023-05-18
1627;99;4;2023-05-18
1628;47;4;2023-05-18
1629;59;4;2023-05-18
1630;31;5;2023-05-18
1631;4;4;2023-05-18
1632;37;4;2023-05-18
1633;17;4;2023-05-18
1634;39;5;2023-05-18
1635;48;5;2023-05-18
1636;46;4;2023-05-18
1637;90;5;2023-05-18
1638;48;5;2023-05-18
1639;39;4;2023-05-18
1640;4;4;2023-05-18
1641;30;5;2023-05-18
1642;30;4;2023-05-18
1643;22;5;2023-05-18
1644;75;5;2023-05-19
1645;66;5;2023-05-19
1646;12;5;2023-05-19
1647;94;5;2023-05-19
1648;36;4;2023-05-19
1649;18;4;2023-05-19
1650;90;5;2023-05-19
1651;53;5;2023-05-19
1652;71;5;2023-05-19
1653;1;4;2023-05-19
1654;58;5;2023-05-19
1655;90;4;2023-05-19
1656;87;5;2023-05-19
1657;90;5;2023-05-19
1658;6;4;2023-05-19
1659;70;4;2023-05-19
1660;44;5;2023-05-19
1661;72;5;2023-05-19
1662;24;4;2023-05-20
1663;86;4;2023-05-20
1664;19;4;2023-05-20
1665;101;4;2023-05-20
1666;18;4;2023-05-20
1667;95;4;2023-05-20
1668;101;5;2023-05-20
1669;30;5;2023-05-20
1670;42;4;2023-05-20
1671;33;5;2023-05-20
1672;74;5;2023-05-20
1673;101;4;2023-05-20
1674;12;5;2023-05-20
1675;94;4;2023-05-20
1676;27;4;2023-05-20
1677;39;5;2023-05-20
1678;9;4;2023-05-20
1679;21;4;2023-05-20
1680;76;4;2023-05-22
1681;29;4;2023-05-22
1682;33;4;2023-05-22
1683;62;4;2023-05-22
1684;15;5;2023-05-22
1685;2;5;2023-05-22
1686;52;5;2023-05-22
1687;44;4;2023-05-22
1688;54;4;2023-05-22
1689;18;5;2023-05-22
1690;3;5;2023-05-22
1691;7;5;2023-05-22
1692;43;5;2023-05-23
1693;82;5;2023-05-23
1694;38;4;2023-05-23
1695;37;5;2023-05-23
1696;58;4;2023-05-23
1697;33;4;2023-05-23
1698;59;4;2023-05-23
1699;95;5;2023-05-23
1700;11;5;2023-05-23
1701;68;4;2023-05-23
1702;82;5;2023-05-24
1703;68;5;2023-05-24
1704;98;5;2023-05-24
1705;93;4;2023-05-24
1706;88;5;2023-05-24
1707;22;4;2023-05-24
1708;66;4;2023-05-24
1709;44;5;2023-05-24
1710;6;4;2023-05-24
1711;42;5;2023-05-24
1712;25;5;2023-05-24
1713;57;4;2023-05-24
1714;85;4;2023-05-24
1715;55;5;2023-05-25
1716;16;5;2023-05-25
1717;95;5;2023-05-25
1718;14;4;2023-05-25
1719;39;4;2023-05-25
1720;28;4;2023-05-25
1721;96;5;2023-05-25
1722;92;4;2023-05-25
1723;51;5;2023-05-25
1724;49;4;2023-05-25
1725;9;5;2023-05-25
1726;58;5;2023-05-25
1727;45;4;2023-05-25
1728;22;4;2023-05-25
1729;32;5;2023-05-25
1730;69;5;2023-05-25
1731;87;4;2023-05-25
1732;69;5;2023-05-26
1733;42;4;2023-05-26
1734;53;5;2023-05-26
1735;96;5;2023-05-26
1736;59;4;2023-05-26
1737;74;4;2023-05-26
1738;39;4;2023-05-26
1739;15;4;2023-05-26
1740;71;4;2023-05-26
1741;29;5;2023-05-26
1742;3;5;2023-05-26
1743;83;4;2023-05-26
1744;10;4;2023-05-26
1745;92;4;2023-05-26
1746;29;5;2023-05-26
1747;79;4;2023-05-26
1748;35;4;2023-05-26
1749;6;5;2023-05-26
1750;12;5;2023-05-26
1751;38;4;2023-05-27
1752;77;4;2023-05-27
1753;93;5;2023-05-27
1754;19;4;2023-05-27
1755;67;4;2023-05-27
1756;8;4;2023-05-27
1757;8;5;2023-05-27
1758;84;5;2023-05-27
1759;47;4;2023-05-27
1760;4;4;2023-05-27
1761;51;5;2023-05-27
1762;85;5;2023-05-27
1763;67;5;2023-05-27
1764;45;5;2023-05-27
1765;8;5;2023-05-27
1766;87;5;2023-05-29
1767;16;5;2023-05-29
1768;77;4;2023-05-29
1769;67;4;2023-05-29
1770;9;4;2023-05-29
1771;60;5;2023-05-29
1772;78;4;2023-05-29
1773;77;5;2023-05-29
1774;71;5;2023-05-29
1775;15;4;2023-05-29
1776;71;5;2023-05-29
1777;98;4;2023-05-29
1778;41;4;2023-05-29
1779;22;5;2023-05-30
1780;24;4;2023-05-30
1781;101;5;2023-05-30
1782;44;4;2023-05-30
1783;1;4;2023-05-30
1784;10;4;2023-05-30
1785;80;5;2023-05-30
1786;72;5;2023-05-30
1787;56;5;2023-05-30
1788;89;4;2023-05-30
1789;50;5;2023-05-31
1790;12;5;2023-05-31
1791;89;5;2023-05-31
1792;81;5;2023-05-31
1793;60;5;2023-05-31
1794;26;5;2023-05-31
1795;78;4;2023-05-31
1796;41;5;2023-05-31
1797;36;4;2023-05-31
1798;23;4;2023-05-31
1799;43;5;2023-06-01
1800;6;4;2023-06-01
1801;69;5;2023-06-01
1802;43;5;2023-06-01
1803;25;4;2023-06-01
1804;18;4;2023-06-01
1805;62;4;2023-06-01
1806;13;5;2023-06-01
1807;43;4;2023-06-01
1808;78;5;2023-06-01
1809;28;4;2023-06-01
1810;18;4;2023-06-01
1811;59;4;2023-06-01
1812;60;5;2023-06-01
1813;63;5;2023-06-01
1814;57;4;2023-06-01
1815;92;5;2023-06-02
1816;51;4;2023-06-02
1817;56;5;2023-06-02
1818;27;4;2023-06-02
1819;32;4;2023-06-02
1820;9;4;2023-06-02
1821;96;4;2023-06-02
1822;84;4;2023-06-02
1823;92;4;2023-06-02
1824;97;5;2023-06-02
1825;68;4;2023-06-02
1826;46;5;2023-06-02
1827;98;4;2023-06-02
1828;67;4;2023-06-02
1829;26;5;2023-06-02
1830;8;4;2023-06-02
1831;6;5;2023-06-02
1832;80;5;2023-06-02
1833;24;4;2023-06-02
1834;48;5;2023-06-03
1835;94;4;2023-06-03
1836;45;5;2023-06-03
1837;13;4;2023-06-03
1838;69;4;2023-06-03
1839;25;4;2023-06-03
1840;20;4;2023-06-03
1841;82;5;2023-06-03
1842;82;4;2023-06-03
1843;66;4;2023-06-03
1844;74;5;2023-06-03
1845;45;4;2023-06-03
1846;47;4;2023-06-03
1847;63;5;2023-06-03
1848;76;5;2023-06-03
1849;77;5;2023-06-03
1850;55;5;2023-06-03
1851;75;5;2023-06-03
1852;19;5;2023-06-03
1853;35;5;2023-06-03
1854;53;4;2023-06-05
1855;26;4;2023-06-05
1856;14;5;2023-06-05
1857;45;5;2023-06-05
1858;44;5;2023-06-05
1859;88;4;2023-06-05
1860;65;4;2023-06-05
1861;51;5;2023-06-05
1862;43;4;2023-06-05
1863;86;5;2023-06-05
1864;23;4;2023-06-05
1865;56;4;2023-06-05
1866;19;5;2023-06-05
1867;82;5;2023-06-06
1868;76;4;2023-06-06
1869;55;4;2023-06-06
1870;92;4;2023-06-06
1871;92;5;2023-06-06
1872;60;4;2023-06-06
1873;59;5;2023-06-06
1874;33;4;2023-06-06
1875;19;5;2023-06-06
1876;28;5;2023-06-06
1877;52;4;2023-06-06
1878;49;5;2023-06-06
1879;37;5;2023-06-06
1880;26;5;2023-06-07
1881;99;5;2023-06-07
1882;98;5;2023-06-07
1883;99;4;2023-06-07
1884;40;4;2023-06-07
1885;80;5;2023-06-07
1886;38;4;2023-06-07
1887;77;5;2023-06-07
1888;87;5;2023-06-07
1889;54;5;2023-06-07
1890;22;5;2023-06-07
1891;16;5;2023-06-07
1892;28;5;2023-06-08
1893;35;4;2023-06-08
1894;60;4;2023-06-08
1895;45;5;2023-06-08
1896;46;5;2023-06-08
1897;72;4;2023-06-08
1898;55;4;2023-06-08
1899;86;4;2023-06-08
1900;85;5;2023-06-08
1901;26;4;2023-06-08
1902;85;5;2023-06-08
1903;25;5;2023-06-08
1904;65;5;2023-06-08
1905;6;4;2023-06-08
1906;23;5;2023-06-08
1907;64;5;2023-06-08
1908;87;5;2023-06-08
1909;43;5;2023-06-09
1910;23;4;2023-06-09
1911;96;5;2023-06-09
1912;30;5;2023-06-09
1913;77;4;2023-06-09
1914;18;5;2023-06-09
1915;87;4;2023-06-09
1916;79;5;2023-06-09
1917;97;4;2023-06-09
1918;21;4;2023-06-09
1919;57;5;2023-06-09
1920;23;5;2023-06-09
1921;91;5;2023-06-09
1922;45;4;2023-06-09
1923;44;4;2023-06-09
1924;82;4;2023-06-09
1925;88;5;2023-06-09
1926;47;4;2023-06-09
1927;40;4;2023-06-09
1928;51;5;2023-06-09
1929;42;4;2023-06-10
1930;7;5;2023-06-10
1931;50;4;2023-06-10
1932;48;5;2023-06-10
1933;84;5;2023-06-10
1934;91;5;2023-06-10
1935;6;5;2023-06-10
1936;91;5;2023-06-10
1937;9;4;2023-06-10
1938;57;4;2023-06-10
1939;31;5;2023-06-10
1940;21;5;2023-06-10
1941;90;4;2023-06-10
1942;40;5;2023-06-10
1943;45;5;2023-06-10
1944;77;5;2023-06-10
1945;49;4;2023-06-10
1946;87;4;2023-06-10
1947;20;5;2023-06-10
1948;101;4;2023-06-12
1949;92;4;2023-06-12
1950;17;5;2023-06-12
1951;28;5;2023-06-12
1952;41;4;2023-06-12
1953;66;4;2023-06-12
1954;25;4;2023-06-12
1955;58;5;2023-06-12
1956;41;4;2023-06-12
1957;6;5;2023-06-12
1958;75;4;2023-06-12
1959;38;4;2023-06-12
1960;6;4;2023-06-12
1961;45;4;2023-06-13
1962;75;5;2023-06-13
1963;14;4;2023-06-13
1964;66;4;2023-06-13
1965;40;4;2023-06-13
1966;3;4;2023-06-13
1967;99;5;2023-06-13
1968;97;4;2023-06-13
1969;24;4;2023-06-13
1970;19;5;2023-06-13
1971;18;4;2023-06-13
1972;64;4;2023-06-13
1973;88;4;2023-06-13
1974;35;4;2023-06-14
1975;62;4;2023-06-14
1976;1;5;2023-06-14
1977;100;4;2023-06-14
1978;25;4;2023-06-14
1979;45;5;2023-06-14
1980;49;5;2023-06-14
1981;98;5;2023-06-14
1982;89;5;2023-06-14
1983;16;5;2023-06-14
1984;98;4;2023-06-14
1985;93;5;2023-06-14
1986;19;4;2023-06-14
1987;23;4;2023-06-15
1988;83;5;2023-06-15
1989;25;5;2023-06-15
1990;16;4;2023-06-15
1991;54;5;2023-06-15
1992;73;5;2023-06-15
1993;1;5;2023-06-15
1994;42;5;2023-06-15
1995;19;4;2023-06-15
1996;97;4;2023-06-15
1997;34;5;2023-06-15
1998;80;4;2023-06-15
1999;55;5;2023-06-15
2000;18;5;2023-06-15
2001;34;4;2023-06-15
2002;89;4;2023-06-15
2003;45;4;2023-06-15
2004;6;4;2023-06-16
2005;21;5;2023-06-16
2006;70;4;2023-06-16
2007;96;4;2023-06-16
2008;48;5;2023-06-16
2009;39;5;2023-06-16
2010;31;5;2023-06-16
2011;10;5;2023-06-16
2012;30;5;2023-06-16
2013;18;5;2023-06-16
2014;60;5;2023-06-16
2015;88;5;2023-06-16
2016;73;4;2023-06-16
2017;95;5;2023-06-16
2018;15;5;2023-06-16
2019;4;4;2023-06-16
2020;63;4;2023-06-17
2021;40;4;2023-06-17
2022;9;5;2023-06-17
2023;9;4;2023-06-17
2024;26;5;2023-06-17
2025;4;4;2023-06-17
2026;81;4;2023-06-17
2027;16;4;2023-06-17
2028;15;5;2023-06-17
2029;99;5;2023-06-17
2030;52;4;2023-06-17
2031;69;4;2023-06-17
2032;5;5;2023-06-17
2033;20;5;2023-06-17
2034;79;4;2023-06-17
2035;18;4;2023-06-17
2036;2;5;2023-06-19
2037;93;5;2023-06-19
2038;13;5;2023-06-19
2039;4;5;2023-06-19
2040;42;4;2023-06-19
2041;74;5;2023-06-19
2042;61;4;2023-06-19
2043;95;5;2023-06-19
2044;8;4;2023-06-19
2045;67;5;2023-06-19
2046;63;5;2023-06-19
2047;9;4;2023-06-19
2048;94;4;2023-06-19
2049;11;5;2023-06-20
2050;99;5;2023-06-20
2051;101;5;2023-06-20
2052;42;5;2023-06-20
2053;13;4;2023-06-20
2054;36;4;2023-06-20
2055;13;5;2023-06-20
2056;12;4;2023-06-20
2057;37;4;2023-06-20
2058;74;4;2023-06-20
2059;73;5;2023-06-20
2060;52;5;2023-06-21
2061;71;4;2023-06-21
2062;2;5;2023-06-21
2063;56;4;2023-06-21
2064;60;5;2023-06-21
2065;23;5;2023-06-21
2066;40;4;2023-06-21
2067;64;5;2023-06-21
2068;85;5;2023-06-21
2069;23;5;2023-06-21
2070;29;5;2023-06-21
2071;78;5;2023-06-21
2072;90;5;2023-06-21
2073;51;5;2023-06-21
2074;69;4;2023-06-22
2075;95;4;2023-06-22
2076;89;5;2023-06-22
2077;31;5;2023-06-22
2078;50;4;2023-06-22
2079;20;4;2023-06-22
2080;55;4;2023-06-22
2081;81;5;2023-06-22
2082;2;4;2023-06-22
2083;25;5;2023-06-22
2084;13;5;2023-06-22
2085;92;4;2023-06-22
2086;70;5;2023-06-22
2087;67;5;2023-06-22
2088;58;5;2023-06-22
2089;99;5;2023-06-22
2090;82;4;2023-06-23
2091;75;5;2023-06-23
2092;84;5;2023-06-23
2093;64;4;2023-06-23
2094;69;5;2023-06-23
2095;83;4;2023-06-23
2096;86;5;2023-06-23
2097;59;5;2023-06-23
2098;60;4;2023-06-23
2099;83;4;2023-06-23
2100;62;4;2023-06-23
2101;16;4;2023-06-23
2102;88;5;2023-06-23
2103;68;4;2023-06-23
2104;15;5;2023-06-23
2105;89;4;2023-06-23
2106;55;4;2023-06-23
2107;35;5;2023-06-23
2108;55;4;2023-06-23
2109;14;4;2023-06-24
2110;49;5;2023-06-24
2111;83;5;2023-06-24
2112;100;4;2023-06-24
2113;7;4;2023-06-24
2114;30;4;2023-06-24
2115;83;5;2023-06-24
2116;49;5;2023-06-24
2117;89;5;2023-06-24
2118;16;5;2023-06-24
2119;51;4;2023-06-24
2120;72;4;2023-06-24
2121;82;4;2023-06-24
2122;92;5;2023-06-24
2123;80;4;2023-06-24
2124;83;5;2023-06-24
2125;42;5;2023-06-24
2126;17;4;2023-06-26
2127;63;4;2023-06-26
2128;45;5;2023-06-26
2129;77;5;2023-06-26
2130;7;4;2023-06-26
2131;27;4;2023-06-26
2132;10;5;2023-06-26
2133;34;4;2023-06-26
2134;36;5;2023-06-26
2135;25;5;2023-06-26
2136;6;4;2023-06-26
2137;24;4;2023-06-26
2138;18;4;2023-06-27
2139;87;5;2023-06-27
2140;6;5;2023-06-27
2141;29;5;2023-06-27
2142;25;4;2023-06-27
2143;55;5;2023-06-27
2144;81;4;2023-06-27
2145;46;4;2023-06-27
2146;24;4;2023-06-27
2147;75;4;2023-06-27
2148;26;4;2023-06-27
2149;98;4;2023-06-27
2150;28;4;2023-06-28
2151;3;5;2023-06-28
2152;75;5;2023-06-28
2153;38;4;2023-06-28
2154;61;4;2023-06-28
2155;78;4;2023-06-28
2156;51;5;2023-06-28
2157;90;4;2023-06-28
2158;48;5;2023-06-28
2159;21;4;2023-06-28
2160;54;4;2023-06-28
2161;56;5;2023-06-29
2162;94;4;2023-06-29
2163;59;5;2023-06-29
2164;72;5;2023-06-29
2165;51;5;2023-06-29
2166;20;5;2023-06-29
2167;96;5;2023-06-29
2168;86;4;2023-06-29
2169;59;4;2023-06-29
2170;71;5;2023-06-29
2171;9;4;2023-06-29
2172;1;4;2023-06-29
2173;29;5;2023-06-29
2174;63;4;2023-06-29
2175;72;5;2023-06-29
2176;56;5;2023-06-29
2177;68;5;2023-06-30
2178;35;5;2023-06-30
2179;3;5;2023-06-30
2180;7;5;2023-06-30
2181;27;5;2023-06-30
2182;1;4;2023-06-30
2183;91;4;2023-06-30
2184;80;5;2023-06-30
2185;71;5;2023-06-30
2186;44;4;2023-06-30
2187;87;5;2023-06-30
2188;41;4;2023-06-30
2189;75;5;2023-06-30
2190;42;5;2023-06-30
2191;33;5;2023-06-30
2192;50;5;2023-07-01
2193;63;5;2023-07-01
2194;100;5;2023-07-01
2195;37;4;2023-07-01
2196;59;4;2023-07-01
2197;81;4;2023-07-01
2198;99;5;2023-07-01
2199;48;5;2023-07-01
2200;5;5;2023-07-01
2201;48;5;2023-07-01
2202;96;5;2023-07-01
2203;3;5;2023-07-01
2204;47;5;2023-07-01
2205;62;4;2023-07-01
2206;99;5;2023-07-01
2207;14;4;2023-07-01
2208;63;5;2023-07-03
2209;61;5;2023-07-03
2210;31;4;2023-07-03
2211;95;4;2023-07-03
2212;17;5;2023-07-03
2213;24;5;2023-07-03
2214;23;4;2023-07-03
2215;82;5;2023-07-03
2216;50;5;2023-07-03
2217;78;5;2023-07-03
2218;79;4;2023-07-03
2219;79;4;2023-07-03
2220;70;4;2023-07-03
2221;27;5;2023-07-03
2222;15;4;2023-07-04
2223;50;4;2023-07-04
2224;36;4;2023-07-04
2225;8;5;2023-07-04
2226;79;4;2023-07-04
2227;3;4;2023-07-04
2228;62;5;2023-07-04
2229;47;5;2023-07-04
2230;77;5;2023-07-04
2231;98;4;2023-07-04
2232;88;5;2023-07-04
2233;96;5;2023-07-05
2234;61;5;2023-07-05
2235;32;5;2023-07-05
2236;94;5;2023-07-05
2237;13;5;2023-07-05
2238;1;5;2023-07-05
2239;34;4;2023-07-05
2240;62;4;2023-07-05
2241;79;5;2023-07-05
2242;78;4;2023-07-05
2243;93;5;2023-07-05
2244;98;4;2023-07-05
2245;82;4;2023-07-05
2246;71;4;2023-07-05
2247;93;4;2023-07-06
2248;31;5;2023-07-06
2249;64;4;2023-07-06
2250;25;4;2023-07-06
2251;38;4;2023-07-06
2252;14;4;2023-07-06
2253;8;4;2023-07-06
2254;91;5;2023-07-06
2255;54;5;2023-07-06
2256;2;4;2023-07-06
2257;81;4;2023-07-06
2258;101;4;2023-07-06
2259;78;4;2023-07-06
2260;89;5;2023-07-06
2261;56;4;2023-07-06
2262;94;5;2023-07-06
2263;93;4;2023-07-07
2264;84;4;2023-07-07
2265;85;5;2023-07-07
2266;61;4;2023-07-07
2267;22;4;2023-07-07
2268;35;4;2023-07-07
2269;101;5;2023-07-07
2270;16;4;2023-07-07
2271;50;4;2023-07-07
2272;43;5;2023-07-07
2273;17;5;2023-07-07
2274;80;5;2023-07-07
2275;58;4;2023-07-07
2276;2;4;2023-07-07
2277;4;4;2023-07-07
2278;85;5;2023-07-07
2279;39;4;2023-07-08
2280;98;5;2023-07-08
2281;94;5;2023-07-08
2282;6;5;2023-07-08
2283;81;5;2023-07-08
2284;89;5;2023-07-08
2285;69;4;2023-07-08
2286;69;5;2023-07-08
2287;20;4;2023-07-08
2288;64;4;2023-07-08
2289;16;5;2023-07-08
2290;51;5;2023-07-08
2291;37;5;2023-07-08
2292;73;4;2023-07-08
2293;69;5;2023-07-08
2294;42;5;2023-07-10
2295;57;5;2023-07-10
2296;66;5;2023-07-10
2297;9;4;2023-07-10
2298;100;4;2023-07-10
2299;86;4;2023-07-10
2300;64;5;2023-07-10
2301;86;5;2023-07-10
2302;22;5;2023-07-10
2303;34;4;2023-07-10
2304;55;5;2023-07-10
2305;29;4;2023-07-11
2306;38;5;2023-07-11
2307;97;4;2023-07-11
2308;18;5;2023-07-11
2309;71;4;2023-07-11
2310;65;4;2023-07-11
2311;97;4;2023-07-11
2312;1;5;2023-07-11
2313;88;5;2023-07-11
2314;4;4;2023-07-11
2315;4;4;2023-07-11
2316;82;5;2023-07-11
2317;27;5;2023-07-11
2318;43;5;2023-07-12
2319;59;5;2023-07-12
2320;32;5;2023-07-12
2321;33;4;2023-07-12
2322;28;5;2023-07-12
2323;55;5;2023-07-12
2324;100;4;2023-07-12
2325;60;4;2023-07-12
2326;70;5;2023-07-12
2327;62;5;2023-07-12
2328;80;5;2023-07-12
2329;34;5;2023-07-12
2330;87;4;2023-07-12
2331;88;4;2023-07-13
2332;56;5;2023-07-13
2333;13;5;2023-07-13
2334;56;5;2023-07-13
2335;18;5;2023-07-13
2336;54;4;2023-07-13
2337;77;4;2023-07-13
2338;101;5;2023-07-13
2339;43;4;2023-07-13
2340;39;5;2023-07-13
2341;61;5;2023-07-13
2342;42;4;2023-07-13
2343;81;5;2023-07-13
2344;79;5;2023-07-13
2345;18;4;2023-07-13
2346;23;5;2023-07-13
2347;54;5;2023-07-13
2348;30;4;2023-07-13
2349;98;5;2023-07-13
2350;58;4;2023-07-14
2351;68;4;2023-07-14
2352;67;4;2023-07-14
2353;71;5;2023-07-14
2354;18;4;2023-07-14
2355;7;4;2023-07-14
2356;40;4;2023-07-14
2357;70;4;2023-07-14
2358;86;4;2023-07-14
2359;65;5;2023-07-14
2360;68;5;2023-07-14
2361;49;5;2023-07-14
2362;52;5;2023-07-14
2363;29;5;2023-07-14
2364;21;5;2023-07-14
2365;90;5;2023-07-14
2366;78;4;2023-07-14
2367;9;5;2023-07-14
2368;47;4;2023-07-15
2369;76;5;2023-07-15
2370;42;4;2023-07-15
2371;51;4;2023-07-15
2372;56;4;2023-07-15
2373;51;4;2023-07-15
2374;70;5;2023-07-15
2375;20;5;2023-07-15
2376;88;5;2023-07-15
2377;27;5;2023-07-15
2378;38;5;2023-07-15
2379;72;5;2023-07-15
2380;65;5;2023-07-15
2381;54;5;2023-07-15
2382;24;5;2023-07-15
2383;47;5;2023-07-15
2384;71;4;2023-07-15
2385;83;5;2023-07-15
2386;86;4;2023-07-15
2387;63;4;2023-07-17
2388;57;4;2023-07-17
2389;55;5;2023-07-17
2390;60;4;2023-07-17
2391;99;5;2023-07-17
2392;62;5;2023-07-17
2393;30;4;2023-07-17
2394;93;5;2023-07-17
2395;22;4;2023-07-17
2396;75;4;2023-07-17
2397;84;5;2023-07-17
2398;29;5;2023-07-17
2399;41;4;2023-07-17
2400;42;5;2023-07-17
2401;98;5;2023-07-18
2402;65;4;2023-07-18
2403;31;4;2023-07-18
2404;30;5;2023-07-18
2405;18;5;2023-07-18
2406;17;5;2023-07-18
2407;38;5;2023-07-18
2408;14;5;2023-07-18
2409;87;4;2023-07-18
2410;89;5;2023-07-18
2411;79;4;2023-07-18
2412;56;5;2023-07-18
2413;22;4;2023-07-18
2414;67;4;2023-07-19
2415;56;4;2023-07-19
2416;19;4;2023-07-19
2417;57;4;2023-07-19
2418;44;4;2023-07-19
2419;98;5;2023-07-19
2420;35;4;2023-07-19
2421;1;5;2023-07-19
2422;52;5;2023-07-19
2423;85;5;2023-07-19
2424;93;5;2023-07-20
2425;70;4;2023-07-20
2426;37;4;2023-07-20
2427;65;4;2023-07-20
2428;51;5;2023-07-20
2429;1;4;2023-07-20
2430;91;4;2023-07-20
2431;21;4;2023-07-20
2432;53;4;2023-07-20
2433;16;4;2023-07-20
2434;61;5;2023-07-20
2435;54;4;2023-07-20
2436;40;5;2023-07-20
2437;26;5;2023-07-20
2438;80;5;2023-07-20
2439;92;5;2023-07-20
2440;65;5;2023-07-20
2441;100;4;2023-07-20
2442;74;4;2023-07-20
2443;64;4;2023-07-20
2444;43;4;2023-07-21
2445;17;4;2023-07-21
2446;59;5;2023-07-21
2447;23;5;2023-07-21
2448;7;5;2023-07-21
2449;44;5;2023-07-21
2450;53;4;2023-07-21
2451;71;5;2023-07-21
2452;79;5;2023-07-21
2453;34;4;2023-07-21
2454;46;4;2023-07-21
2455;68;5;2023-07-21
2456;78;4;2023-07-21
2457;78;5;2023-07-21
2458;16;5;2023-07-21
2459;71;4;2023-07-21
2460;96;4;2023-07-21
2461;19;5;2023-07-21
2462;2;5;2023-07-22
2463;10;4;2023-07-22
2464;50;5;2023-07-22
2465;81;5;2023-07-22
2466;101;5;2023-07-22
2467;12;5;2023-07-22
2468;70;5;2023-07-22
2469;22;4;2023-07-22
2470;32;5;2023-07-22
2471;84;5;2023-07-22
2472;1;5;2023-07-22
2473;54;5;2023-07-22
2474;58;4;2023-07-22
2475;70;4;2023-07-22
2476;83;4;2023-07-22
2477;18;5;2023-07-22
2478;6;4;2023-07-24
2479;45;4;2023-07-24
2480;97;4;2023-07-24
2481;23;5;2023-07-24
2482;23;5;2023-07-24
2483;26;4;2023-07-24
2484;77;4;2023-07-24
2485;7;4;2023-07-24
2486;79;5;2023-07-24
2487;44;5;2023-07-24
2488;27;5;2023-07-24
2489;26;4;2023-07-25
2490;97;5;2023-07-25
2491;79;4;2023-07-25
2492;36;5;2023-07-25
2493;55;4;2023-07-25
2494;64;4;2023-07-25
2495;91;4;2023-07-25
2496;57;4;2023-07-25
2497;69;5;2023-07-25
2498;61;4;2023-07-25
2499;2;5;2023-07-26
2500;55;4;2023-07-26
2501;97;5;2023-07-26
2502;80;5;2023-07-26
2503;87;5;2023-07-26
2504;38;4;2023-07-26
2505;80;4;2023-07-26
2506;78;5;2023-07-26
2507;29;4;2023-07-26
2508;26;5;2023-07-26
2509;35;5;2023-07-26
2510;79;5;2023-07-27
2511;67;4;2023-07-27
2512;87;4;2023-07-27
2513;29;5;2023-07-27
2514;34;4;2023-07-27
2515;97;4;2023-07-27
2516;41;5;2023-07-27
2517;41;5;2023-07-27
2518;23;4;2023-07-27
2519;71;4;2023-07-27
2520;3;5;2023-07-27
2521;58;4;2023-07-27
2522;32;4;2023-07-27
2523;31;4;2023-07-27
2524;82;4;2023-07-27
2525;43;4;2023-07-28
2526;7;4;2023-07-28
2527;1;5;2023-07-28
2528;61;5;2023-07-28
2529;14;5;2023-07-28
2530;52;5;2023-07-28
2531;96;5;2023-07-28
2532;6;4;2023-07-28
2533;10;4;2023-07-28
2534;71;4;2023-07-28
2535;90;4;2023-07-28
2536;98;5;2023-07-28
2537;30;4;2023-07-28
2538;100;4;2023-07-28
2539;21;5;2023-07-28
2540;60;4;2023-07-29
2541;81;5;2023-07-29
2542;97;4;2023-07-29
2543;74;4;2023-07-29
2544;63;4;2023-07-29
2545;42;4;2023-07-29
2546;51;4;2023-07-29
2547;64;5;2023-07-29
2548;76;5;2023-07-29
2549;56;5;2023-07-29
2550;80;5;2023-07-29
2551;41;5;2023-07-29
2552;32;5;2023-07-29
2553;15;4;2023-07-29
2554;62;5;2023-07-29
2555;27;5;2023-07-29
2556;28;4;2023-07-29
2557;81;5;2023-07-31
2558;64;4;2023-07-31
2559;59;5;2023-07-31
2560;58;4;2023-07-31
2561;2;5;2023-07-31
2562;36;4;2023-07-31
2563;71;4;2023-07-31
2564;13;5;2023-07-31
2565;15;5;2023-07-31
2566;89;5;2023-07-31
2567;87;5;2023-07-31
2568;60;5;2023-07-31
2569;22;4;2023-08-01
2570;63;5;2023-08-01
2571;90;4;2023-08-01
2572;97;4;2023-08-01
2573;75;5;2023-08-01
2574;74;4;2023-08-01
2575;25;4;2023-08-01
2576;101;5;2023-08-01
2577;48;5;2023-08-01
2578;43;4;2023-08-01
2579;38;4;2023-08-02
2580;41;5;2023-08-02
2581;45;4;2023-08-02
2582;88;4;2023-08-02
2583;40;5;2023-08-02
2584;97;4;2023-08-02
2585;17;4;2023-08-02
2586;88;5;2023-08-02
2587;101;5;2023-08-02
2588;57;5;2023-08-02
2589;2;4;2023-08-03
2590;96;4;2023-08-03
2591;62;5;2023-08-03
2592;88;5;2023-08-03
2593;9;4;2023-08-03
2594;68;5;2023-08-03
2595;81;4;2023-08-03
2596;17;5;2023-08-03
2597;50;4;2023-08-03
2598;94;5;2023-08-03
2599;40;5;2023-08-03
2600;58;4;2023-08-03
2601;75;5;2023-08-03
2602;85;4;2023-08-03
2603;21;4;2023-08-03
2604;18;4;2023-08-03
2605;55;4;2023-08-03
2606;29;4;2023-08-03
2607;24;5;2023-08-03
2608;74;5;2023-08-03
2609;17;5;2023-08-04
2610;18;4;2023-08-04
2611;42;5;2023-08-04
2612;84;5;2023-08-04
2613;101;5;2023-08-04
2614;45;5;2023-08-04
2615;82;4;2023-08-04
2616;17;4;2023-08-04
2617;73;5;2023-08-04
2618;14;5;2023-08-04
2619;49;4;2023-08-04
2620;29;5;2023-08-04
2621;95;4;2023-08-04
2622;4;4;2023-08-04
2623;82;4;2023-08-04
2624;20;5;2023-08-05
2625;47;4;2023-08-05
2626;9;5;2023-08-05
2627;77;5;2023-08-05
2628;79;5;2023-08-05
2629;27;4;2023-08-05
2630;15;4;2023-08-05
2631;92;5;2023-08-05
2632;101;5;2023-08-05
2633;19;5;2023-08-05
2634;90;4;2023-08-05
2635;52;4;2023-08-05
2636;26;4;2023-08-05
2637;89;4;2023-08-05
2638;26;5;2023-08-05
2639;26;5;2023-08-05
2640;46;4;2023-08-05
2641;92;4;2023-08-05
2642;49;5;2023-08-05
2643;82;4;2023-08-07
2644;96;4;2023-08-07
2645;53;4;2023-08-07
2646;3;4;2023-08-07
2647;66;4;2023-08-07
2648;97;5;2023-08-07
2649;42;4;2023-08-07
2650;19;4;2023-08-07
2651;17;5;2023-08-07
2652;33;5;2023-08-07
2653;76;5;2023-08-08
2654;49;4;2023-08-08
2655;56;4;2023-08-08
2656;63;4;2023-08-08
2657;3;5;2023-08-08
2658;49;5;2023-08-08
2659;55;5;2023-08-08
2660;26;5;2023-08-08
2661;99;5;2023-08-08
2662;72;4;2023-08-08
2663;52;4;2023-08-09
2664;100;5;2023-08-09
2665;7;5;2023-08-09
2666;46;4;2023-08-09
2667;46;5;2023-08-09
2668;100;5;2023-08-09
2669;16;4;2023-08-09
2670;24;4;2023-08-09
2671;61;5;2023-08-09
2672;54;5;2023-08-09
2673;62;4;2023-08-10
2674;1;4;2023-08-10
2675;49;5;2023-08-10
2676;25;4;2023-08-10
2677;10;4;2023-08-10
2678;80;5;2023-08-10
2679;16;5;2023-08-10
2680;58;5;2023-08-10
2681;72;5;2023-08-10
2682;29;5;2023-08-10
2683;92;4;2023-08-10
2684;6;4;2023-08-10
2685;16;5;2023-08-10
2686;20;5;2023-08-10
2687;80;5;2023-08-10
2688;71;4;2023-08-11
2689;78;4;2023-08-11
2690;43;4;2023-08-11
2691;26;4;2023-08-11
2692;90;5;2023-08-11
2693;78;4;2023-08-11
2694;71;5;2023-08-11
2695;33;5;2023-08-11
2696;26;5;2023-08-11
2697;45;4;2023-08-11
2698;84;5;2023-08-11
2699;63;4;2023-08-11
2700;67;4;2023-08-11
2701;52;5;2023-08-11
2702;68;5;2023-08-11
2703;26;5;2023-08-11
2704;75;5;2023-08-12
2705;2;4;2023-08-12
2706;14;5;2023-08-12
2707;30;5;2023-08-12
2708;49;4;2023-08-12
2709;12;4;2023-08-12
2710;90;4;2023-08-12
2711;44;4;2023-08-12
2712;33;4;2023-08-12
2713;13;4;2023-08-12
2714;78;5;2023-08-12
2715;88;5;2023-08-12
2716;98;4;2023-08-12
2717;26;5;2023-08-12
2718;21;4;2023-08-12
2719;28;5;2023-08-12
2720;48;5;2023-08-12
2721;100;4;2023-08-14
2722;40;4;2023-08-14
2723;66;5;2023-08-14
2724;73;4;2023-08-14
2725;87;5;2023-08-14
2726;79;4;2023-08-14
2727;77;5;2023-08-14
2728;23;5;2023-08-14
2729;81;4;2023-08-14
2730;48;5;2023-08-14
2731;2;4;2023-08-15
2732;84;5;2023-08-15
2733;20;4;2023-08-15
2734;59;4;2023-08-15
2735;46;4;2023-08-15
2736;3;4;2023-08-15
2737;55;5;2023-08-15
2738;12;5;2023-08-15
2739;40;5;2023-08-15
2740;66;4;2023-08-15
2741;100;5;2023-08-15
2742;78;5;2023-08-15
2743;16;4;2023-08-15
2744;83;5;2023-08-16
2745;34;4;2023-08-16
2746;44;4;2023-08-16
2747;6;4;2023-08-16
2748;77;4;2023-08-16
2749;64;5;2023-08-16
2750;100;4;2023-08-16
2751;22;4;2023-08-16
2752;18;4;2023-08-16
2753;12;4;2023-08-16
2754;52;4;2023-08-17
2755;94;4;2023-08-17
2756;51;5;2023-08-17
2757;71;4;2023-08-17
2758;96;5;2023-08-17
2759;48;4;2023-08-17
2760;19;4;2023-08-17
2761;6;4;2023-08-17
2762;84;4;2023-08-17
2763;27;5;2023-08-17
2764;53;4;2023-08-17
2765;101;4;2023-08-17
2766;48;5;2023-08-17
2767;7;5;2023-08-17
2768;59;4;2023-08-17
2769;69;5;2023-08-18
2770;11;5;2023-08-18
2771;15;4;2023-08-18
2772;64;4;2023-08-18
2773;3;4;2023-08-18
2774;69;5;2023-08-18
2775;23;4;2023-08-18
2776;53;5;2023-08-18
2777;37;4;2023-08-18
2778;9;4;2023-08-18
2779;15;5;2023-08-18
2780;3;4;2023-08-18
2781;93;5;2023-08-18
2782;70;5;2023-08-18
2783;17;4;2023-08-18
2784;26;5;2023-08-18
2785;21;4;2023-08-18
2786;72;4;2023-08-18
2787;21;4;2023-08-19
2788;11;5;2023-08-19
2789;38;4;2023-08-19
2790;72;4;2023-08-19
2791;88;4;2023-08-19
2792;35;4;2023-08-19
2793;14;4;2023-08-19
2794;14;5;2023-08-19
2795;10;5;2023-08-19
2796;12;5;2023-08-19
2797;38;5;2023-08-19
2798;34;5;2023-08-19
2799;41;5;2023-08-19
2800;10;4;2023-08-19
2801;17;4;2023-08-19
2802;17;5;2023-08-19
2803;67;5;2023-08-19
2804;62;4;2023-08-19
2805;95;4;2023-08-19
2806;1;4;2023-08-19
2807;12;5;2023-08-21
2808;4;5;2023-08-21
2809;42;4;2023-08-21
2810;13;4;2023-08-21
2811;98;5;2023-08-21
2812;85;5;2023-08-21
2813;86;4;2023-08-21
2814;4;4;2023-08-21
2815;82;4;2023-08-21
2816;69;4;2023-08-21
2817;19;5;2023-08-21
2818;2;4;2023-08-21
2819;12;4;2023-08-21
2820;81;5;2023-08-22
2821;74;5;2023-08-22
2822;98;4;2023-08-22
2823;6;4;2023-08-22
2824;8;4;2023-08-22
2825;51;5;2023-08-22
2826;11;5;2023-08-22
2827;63;5;2023-08-22
2828;57;4;2023-08-22
2829;12;5;2023-08-22
2830;73;4;2023-08-23
2831;2;4;2023-08-23
2832;8;5;2023-08-23
2833;11;4;2023-08-23
2834;53;5;2023-08-23
2835;100;5;2023-08-23
2836;10;4;2023-08-23
2837;85;4;2023-08-23
2838;84;5;2023-08-23
2839;8;4;2023-08-23
2840;36;4;2023-08-24
2841;93;5;2023-08-24
2842;76;5;2023-08-24
2843;14;5;2023-08-24
2844;54;5;2023-08-24
2845;85;4;2023-08-24
2846;86;4;2023-08-24
2847;21;5;2023-08-24
2848;50;5;2023-08-24
2849;94;4;2023-08-24
2850;39;4;2023-08-24
2851;20;4;2023-08-24
2852;88;4;2023-08-24
2853;87;4;2023-08-24
2854;7;4;2023-08-24
2855;9;5;2023-08-24
2856;1;4;2023-08-24
2857;26;4;2023-08-24
2858;38;5;2023-08-24
2859;38;4;2023-08-24
2860;61;4;2023-08-25
2861;44;5;2023-08-25
2862;86;4;2023-08-25
2863;44;5;2023-08-25
2864;74;5;2023-08-25
2865;62;4;2023-08-25
2866;6;5;2023-08-25
2867;17;4;2023-08-25
2868;51;5;2023-08-25
2869;38;5;2023-08-25
2870;24;4;2023-08-25
2871;51;4;2023-08-25
2872;10;4;2023-08-25
2873;72;4;2023-08-25
2874;21;4;2023-08-25
2875;70;5;2023-08-26
2876;85;5;2023-08-26
2877;57;5;2023-08-26
2878;39;5;2023-08-26
2879;88;5;2023-08-26
2880;33;5;2023-08-26
2881;59;4;2023-08-26
2882;18;4;2023-08-26
2883;56;5;2023-08-26
2884;92;5;2023-08-26
2885;57;4;2023-08-26
2886;96;4;2023-08-26
2887;76;4;2023-08-26
2888;48;4;2023-08-26
2889;42;5;2023-08-26
2890;27;4;2023-08-26
2891;74;5;2023-08-26
2892;52;5;2023-08-26
2893;42;5;2023-08-26
2894;32;4;2023-08-26
2895;26;5;2023-08-28
2896;25;5;2023-08-28
2897;75;5;2023-08-28
2898;23;4;2023-08-28
2899;98;5;2023-08-28
2900;57;4;2023-08-28
2901;52;5;2023-08-28
2902;87;5;2023-08-28
2903;93;5;2023-08-28
2904;31;4;2023-08-28
2905;64;4;2023-08-29
2906;71;5;2023-08-29
2907;33;4;2023-08-29
2908;85;4;2023-08-29
2909;2;4;2023-08-29
2910;18;5;2023-08-29
2911;47;4;2023-08-29
2912;33;4;2023-08-29
2913;101;5;2023-08-29
2914;98;5;2023-08-29
2915;84;5;2023-08-29
2916;35;5;2023-08-29
2917;51;4;2023-08-29
2918;18;4;2023-08-30
2919;88;4;2023-08-30
2920;72;4;2023-08-30
2921;30;5;2023-08-30
2922;44;4;2023-08-30
2923;53;4;2023-08-30
2924;10;4;2023-08-30
2925;87;5;2023-08-30
2926;52;5;2023-08-30
2927;49;4;2023-08-30
2928;11;5;2023-08-30
2929;66;5;2023-08-30
2930;58;5;2023-08-31
2931;90;5;2023-08-31
2932;36;5;2023-08-31
2933;33;4;2023-08-31
2934;47;4;2023-08-31
2935;13;5;2023-08-31
2936;40;4;2023-08-31
2937;89;4;2023-08-31
2938;68;5;2023-08-31
2939;42;4;2023-08-31
2940;19;5;2023-08-31
2941;82;5;2023-08-31
2942;101;5;2023-08-31
2943;94;4;2023-08-31
2944;19;4;2023-08-31
2945;58;4;2023-08-31
2946;23;4;2023-08-31
2947;54;5;2023-08-31
2948;80;5;2023-09-01
2949;65;6;2023-09-01
2950;12;6;2023-09-01
2951;24;5;2023-09-01
2952;34;6;2023-09-01
2953;53;5;2023-09-01
2954;8;6;2023-09-01
2955;18;5;2023-09-01
2956;57;6;2023-09-01
2957;5;6;2023-09-01
2958;26;5;2023-09-01
2959;30;5;2023-09-01
2960;54;5;2023-09-01
2961;13;5;2023-09-01
2962;83;6;2023-09-01
2963;29;6;2023-09-01
2964;3;6;2023-09-02
2965;90;5;2023-09-02
2966;58;5;2023-09-02
2967;76;6;2023-09-02
2968;2;6;2023-09-02
2969;75;5;2023-09-02
2970;28;5;2023-09-02
2971;82;5;2023-09-02
2972;77;6;2023-09-02
2973;101;6;2023-09-02
2974;86;6;2023-09-02
2975;76;6;2023-09-02
2976;2;5;2023-09-02
2977;101;5;2023-09-02
2978;7;5;2023-09-02
2979;26;5;2023-09-02
2980;90;5;2023-09-02
2981;88;5;2023-09-02
2982;76;6;2023-09-02
2983;16;5;2023-09-04
2984;23;5;2023-09-04
2985;40;6;2023-09-04
2986;60;6;2023-09-04
2987;73;6;2023-09-04
2988;32;6;2023-09-04
2989;15;5;2023-09-04
2990;101;5;2023-09-04
2991;13;5;2023-09-04
2992;5;5;2023-09-04
2993;75;5;2023-09-04
2994;74;6;2023-09-04
2995;52;5;2023-09-04
2996;77;5;2023-09-05
2997;41;5;2023-09-05
2998;53;5;2023-09-05
2999;50;5;2023-09-05
3000;15;6;2023-09-05
3001;7;6;2023-09-05
3002;40;6;2023-09-05
3003;28;5;2023-09-05
3004;32;5;2023-09-05
3005;99;6;2023-09-05
3006;15;5;2023-09-05
3007;100;5;2023-09-05
3008;85;6;2023-09-05
3009;70;5;2023-09-05
3010;65;5;2023-09-06
3011;4;6;2023-09-06
3012;11;5;2023-09-06
3013;26;5;2023-09-06
3014;61;6;2023-09-06
3015;37;5;2023-09-06
3016;23;5;2023-09-06
3017;93;6;2023-09-06
3018;85;5;2023-09-06
3019;91;6;2023-09-06
3020;40;5;2023-09-06
3021;77;5;2023-09-06
3022;23;5;2023-09-06
3023;16;5;2023-09-07
3024;94;6;2023-09-07
3025;61;5;2023-09-07
3026;68;5;2023-09-07
3027;80;5;2023-09-07
3028;31;5;2023-09-07
3029;53;6;2023-09-07
3030;25;6;2023-09-07
3031;44;6;2023-09-07
3032;12;6;2023-09-07
3033;90;5;2023-09-07
3034;101;6;2023-09-07
3035;97;6;2023-09-07
3036;92;5;2023-09-07
3037;9;5;2023-09-07
3038;12;5;2023-09-07
3039;69;6;2023-09-08
3040;54;6;2023-09-08
3041;54;5;2023-09-08
3042;28;5;2023-09-08
3043;56;5;2023-09-08
3044;99;6;2023-09-08
3045;69;6;2023-09-08
3046;98;5;2023-09-08
3047;98;5;2023-09-08
3048;77;6;2023-09-08
3049;58;5;2023-09-08
3050;78;5;2023-09-08
3051;75;6;2023-09-08
3052;42;5;2023-09-08
3053;38;6;2023-09-08
3054;68;5;2023-09-08
3055;53;5;2023-09-08
3056;33;6;2023-09-08
3057;71;6;2023-09-08
3058;56;6;2023-09-09
3059;72;5;2023-09-09
3060;101;5;2023-09-09
3061;51;6;2023-09-09
3062;74;5;2023-09-09
3063;43;5;2023-09-09
3064;15;6;2023-09-09
3065;38;6;2023-09-09
3066;15;5;2023-09-09
3067;5;6;2023-09-09
3068;93;6;2023-09-09
3069;83;6;2023-09-09
3070;54;6;2023-09-09
3071;51;5;2023-09-09
3072;10;5;2023-09-09
3073;12;5;2023-09-09
3074;4;6;2023-09-09
3075;95;6;2023-09-09
3076;18;6;2023-09-09
3077;80;6;2023-09-11
3078;36;6;2023-09-11
3079;25;6;2023-09-11
3080;87;5;2023-09-11
3081;76;5;2023-09-11
3082;98;6;2023-09-11
3083;36;6;2023-09-11
3084;101;6;2023-09-11
3085;67;5;2023-09-11
3086;9;5;2023-09-11
3087;61;6;2023-09-11
3088;53;6;2023-09-11
3089;18;5;2023-09-11
3090;43;5;2023-09-12
3091;35;6;2023-09-12
3092;63;5;2023-09-12
3093;98;5;2023-09-12
3094;78;6;2023-09-12
3095;4;5;2023-09-12
3096;93;5;2023-09-12
3097;41;5;2023-09-12
3098;45;6;2023-09-12
3099;50;5;2023-09-12
3100;79;6;2023-09-12
3101;28;6;2023-09-12
3102;42;5;2023-09-13
3103;80;5;2023-09-13
3104;76;5;2023-09-13
3105;69;6;2023-09-13
3106;98;5;2023-09-13
3107;1;5;2023-09-13
3108;39;5;2023-09-13
3109;96;6;2023-09-13
3110;90;5;2023-09-13
3111;17;5;2023-09-13
3112;91;6;2023-09-13
3113;88;6;2023-09-13
3114;35;5;2023-09-14
3115;46;5;2023-09-14
3116;42;5;2023-09-14
3117;39;5;2023-09-14
3118;90;6;2023-09-14
3119;49;6;2023-09-14
3120;62;5;2023-09-14
3121;38;5;2023-09-14
3122;23;6;2023-09-14
3123;22;5;2023-09-14
3124;4;5;2023-09-14
3125;49;5;2023-09-14
3126;59;5;2023-09-14
3127;73;5;2023-09-14
3128;68;6;2023-09-14
3129;71;5;2023-09-14
3130;87;5;2023-09-14
3131;2;5;2023-09-14
3132;49;6;2023-09-14
3133;88;6;2023-09-15
3134;95;6;2023-09-15
3135;31;5;2023-09-15
3136;40;6;2023-09-15
3137;48;5;2023-09-15
3138;51;5;2023-09-15
3139;43;6;2023-09-15
3140;98;6;2023-09-15
3141;55;6;2023-09-15
3142;88;6;2023-09-15
3143;49;6;2023-09-15
3144;90;5;2023-09-15
3145;80;6;2023-09-15
3146;57;6;2023-09-15
3147;77;6;2023-09-15
3148;15;5;2023-09-15
3149;27;6;2023-09-16
3150;68;6;2023-09-16
3151;80;5;2023-09-16
3152;64;6;2023-09-16
3153;94;5;2023-09-16
3154;30;5;2023-09-16
3155;36;5;2023-09-16
3156;67;6;2023-09-16
3157;86;6;2023-09-16
3158;86;6;2023-09-16
3159;49;5;2023-09-16
3160;76;6;2023-09-16
3161;55;5;2023-09-16
3162;85;6;2023-09-16
3163;56;5;2023-09-16
3164;68;5;2023-09-16
3165;95;5;2023-09-16
3166;44;5;2023-09-18
3167;31;5;2023-09-18
3168;58;5;2023-09-18
3169;87;5;2023-09-18
3170;53;5;2023-09-18
3171;84;5;2023-09-18
3172;79;6;2023-09-18
3173;23;6;2023-09-18
3174;28;5;2023-09-18
3175;16;6;2023-09-18
3176;37;6;2023-09-18
3177;21;5;2023-09-18
3178;79;5;2023-09-18
3179;17;6;2023-09-19
3180;37;5;2023-09-19
3181;77;6;2023-09-19
3182;19;5;2023-09-19
3183;30;6;2023-09-19
3184;45;5;2023-09-19
3185;18;5;2023-09-19
3186;78;6;2023-09-19
3187;62;6;2023-09-19
3188;36;6;2023-09-19
3189;100;6;2023-09-20
3190;84;5;2023-09-20
3191;52;6;2023-09-20
3192;19;5;2023-09-20
3193;44;5;2023-09-20
3194;7;6;2023-09-20
3195;44;5;2023-09-20
3196;68;6;2023-09-20
3197;34;6;2023-09-20
3198;66;5;2023-09-20
3199;69;5;2023-09-20
3200;55;6;2023-09-20
3201;10;6;2023-09-20
3202;96;5;2023-09-21
3203;42;5;2023-09-21
3204;41;5;2023-09-21
3205;77;6;2023-09-21
3206;69;6;2023-09-21
3207;10;6;2023-09-21
3208;10;6;2023-09-21
3209;91;5;2023-09-21
3210;60;5;2023-09-21
3211;51;6;2023-09-21
3212;21;6;2023-09-21
3213;8;6;2023-09-21
3214;65;6;2023-09-21
3215;92;6;2023-09-21
3216;78;6;2023-09-21
3217;85;6;2023-09-21
3218;30;6;2023-09-21
3219;85;6;2023-09-21
3220;49;5;2023-09-21
3221;9;6;2023-09-22
3222;17;5;2023-09-22
3223;69;5;2023-09-22
3224;58;6;2023-09-22
3225;57;5;2023-09-22
3226;62;6;2023-09-22
3227;95;6;2023-09-22
3228;52;6;2023-09-22
3229;61;5;2023-09-22
3230;40;5;2023-09-22
3231;38;6;2023-09-22
3232;43;5;2023-09-22
3233;63;5;2023-09-22
3234;19;5;2023-09-22
3235;100;5;2023-09-22
3236;50;5;2023-09-22
3237;33;5;2023-09-22
3238;13;5;2023-09-22
3239;78;5;2023-09-23
3240;97;5;2023-09-23
3241;62;5;2023-09-23
3242;93;5;2023-09-23
3243;43;5;2023-09-23
3244;49;5;2023-09-23
3245;36;5;2023-09-23
3246;10;5;2023-09-23
3247;95;6;2023-09-23
3248;6;5;2023-09-23
3249;57;5;2023-09-23
3250;1;5;2023-09-23
3251;71;5;2023-09-23
3252;58;6;2023-09-23
3253;91;6;2023-09-23
3254;21;6;2023-09-23
3255;92;6;2023-09-23
3256;80;6;2023-09-23
3257;56;6;2023-09-23
3258;87;6;2023-09-23
3259;20;6;2023-09-25
3260;54;6;2023-09-25
3261;25;6;2023-09-25
3262;28;6;2023-09-25
3263;5;6;2023-09-25
3264;21;6;2023-09-25
3265;18;6;2023-09-25
3266;47;6;2023-09-25
3267;70;5;2023-09-25
3268;57;6;2023-09-25
3269;93;5;2023-09-25
3270;19;6;2023-09-25
3271;97;6;2023-09-25
3272;65;5;2023-09-26
3273;3;5;2023-09-26
3274;42;5;2023-09-26
3275;21;6;2023-09-26
3276;99;6;2023-09-26
3277;40;6;2023-09-26
3278;67;5;2023-09-26
3279;25;5;2023-09-26
3280;55;6;2023-09-26
3281;84;6;2023-09-26
3282;52;6;2023-09-26
3283;44;6;2023-09-26
3284;98;6;2023-09-26
3285;85;5;2023-09-27
3286;56;6;2023-09-27
3287;55;5;2023-09-27
3288;87;5;2023-09-27
3289;70;5;2023-09-27
3290;77;5;2023-09-27
3291;87;5;2023-09-27
3292;73;6;2023-09-27
3293;81;5;2023-09-27
3294;66;6;2023-09-27
3295;19;6;2023-09-27
3296;83;6;2023-09-27
3297;7;6;2023-09-28
3298;63;5;2023-09-28
3299;42;5;2023-09-28
3300;42;6;2023-09-28
3301;59;6;2023-09-28
3302;20;6;2023-09-28
3303;73;5;2023-09-28
3304;17;6;2023-09-28
3305;27;5;2023-09-28
3306;47;6;2023-09-28
3307;2;5;2023-09-28
3308;63;6;2023-09-28
3309;62;5;2023-09-28
3310;100;6;2023-09-28
3311;19;5;2023-09-28
3312;17;5;2023-09-28
3313;69;5;2023-09-28
3314;39;5;2023-09-28
3315;82;5;2023-09-28
3316;71;5;2023-09-28
3317;81;6;2023-09-29
3318;39;6;2023-09-29
3319;36;6;2023-09-29
3320;40;6;2023-09-29
3321;45;6;2023-09-29
3322;4;5;2023-09-29
3323;25;5;2023-09-29
3324;69;5;2023-09-29
3325;30;5;2023-09-29
3326;76;5;2023-09-29
3327;68;6;2023-09-29
3328;88;6;2023-09-29
3329;29;6;2023-09-29
3330;73;6;2023-09-29
3331;68;5;2023-09-29
3332;51;5;2023-09-29
3333;24;5;2023-09-29
3334;14;5;2023-09-30
3335;69;6;2023-09-30
3336;18;5;2023-09-30
3337;42;5;2023-09-30
3338;57;6;2023-09-30
3339;83;5;2023-09-30
3340;12;5;2023-09-30
3341;82;6;2023-09-30
3342;17;5;2023-09-30
3343;30;6;2023-09-30
3344;88;5;2023-09-30
3345;75;5;2023-09-30
3346;99;5;2023-09-30
3347;23;5;2023-09-30
3348;81;5;2023-09-30
3349;1;5;2023-09-30
3350;79;5;2023-10-02
3351;32;6;2023-10-02
3352;9;6;2023-10-02
3353;15;5;2023-10-02
3354;28;5;2023-10-02
3355;24;6;2023-10-02
3356;60;5;2023-10-02
3357;35;5;2023-10-02
3358;86;6;2023-10-02
3359;27;5;2023-10-02
3360;83;5;2023-10-02
3361;76;6;2023-10-02
3362;20;5;2023-10-02
3363;65;5;2023-10-02
3364;85;5;2023-10-03
3365;49;6;2023-10-03
3366;1;5;2023-10-03
3367;10;5;2023-10-03
3368;47;6;2023-10-03
3369;59;6;2023-10-03
3370;96;5;2023-10-03
3371;62;6;2023-10-03
3372;86;6;2023-10-03
3373;18;5;2023-10-03
3374;46;5;2023-10-03
3375;32;5;2023-10-03
3376;27;6;2023-10-03
3377;92;6;2023-10-04
3378;18;6;2023-10-04
3379;39;5;2023-10-04
3380;49;6;2023-10-04
3381;93;5;2023-10-04
3382;82;6;2023-10-04
3383;44;5;2023-10-04
3384;72;5;2023-10-04
3385;54;5;2023-10-04
3386;95;6;2023-10-04
3387;34;5;2023-10-04
3388;71;6;2023-10-05
3389;36;5;2023-10-05
3390;18;6;2023-10-05
3391;38;6;2023-10-05
3392;59;5;2023-10-05
3393;9;5;2023-10-05
3394;73;6;2023-10-05
3395;72;5;2023-10-05
3396;51;6;2023-10-05
3397;35;6;2023-10-05
3398;82;6;2023-10-05
3399;5;5;2023-10-05
3400;14;6;2023-10-05
3401;92;5;2023-10-05
3402;30;5;2023-10-05
3403;4;5;2023-10-05
3404;39;5;2023-10-05
3405;84;6;2023-10-05
3406;64;5;2023-10-05
3407;25;6;2023-10-06
3408;28;5;2023-10-06
3409;76;6;2023-10-06
3410;66;6;2023-10-06
3411;78;6;2023-10-06
3412;22;6;2023-10-06
3413;31;5;2023-10-06
3414;23;6;2023-10-06
3415;48;6;2023-10-06
3416;20;6;2023-10-06
3417;38;6;2023-10-06
3418;55;5;2023-10-06
3419;68;6;2023-10-06
3420;79;5;2023-10-06
3421;88;6;2023-10-06
3422;89;5;2023-10-06
3423;1;5;2023-10-06
3424;7;5;2023-10-06
3425;57;5;2023-10-07
3426;95;6;2023-10-07
3427;12;6;2023-10-07
3428;5;6;2023-10-07
3429;50;5;2023-10-07
3430;42;6;2023-10-07
3431;12;5;2023-10-07
3432;18;5;2023-10-07
3433;66;6;2023-10-07
3434;74;6;2023-10-07
3435;79;5;2023-10-07
3436;94;5;2023-10-07
3437;17;6;2023-10-07
3438;68;6;2023-10-07
3439;71;6;2023-10-07
3440;62;6;2023-10-09
3441;41;6;2023-10-09
3442;95;6;2023-10-09
3443;34;5;2023-10-09
3444;70;5;2023-10-09
3445;45;5;2023-10-09
3446;58;5;2023-10-09
3447;51;6;2023-10-09
3448;34;5;2023-10-09
3449;44;6;2023-10-09
3450;15;6;2023-10-10
3451;78;5;2023-10-10
3452;70;5;2023-10-10
3453;50;5;2023-10-10
3454;101;6;2023-10-10
3455;32;6;2023-10-10
3456;67;6;2023-10-10
3457;3;6;2023-10-10
3458;86;6;2023-10-10
3459;86;5;2023-10-10
3460;74;6;2023-10-10
3461;51;5;2023-10-10
3462;67;6;2023-10-10
3463;76;6;2023-10-11
3464;93;6;2023-10-11
3465;48;6;2023-10-11
3466;17;6;2023-10-11
3467;7;5;2023-10-11
3468;13;6;2023-10-11
3469;66;5;2023-10-11
3470;4;6;2023-10-11
3471;10;5;2023-10-11
3472;88;5;2023-10-11
3473;17;5;2023-10-12
3474;52;6;2023-10-12
3475;6;5;2023-10-12
3476;83;6;2023-10-12
3477;69;5;2023-10-12
3478;96;6;2023-10-12
3479;74;6;2023-10-12
3480;9;5;2023-10-12
3481;91;5;2023-10-12
3482;77;5;2023-10-12
3483;83;5;2023-10-12
3484;21;6;2023-10-12
3485;24;5;2023-10-12
3486;4;6;2023-10-12
3487;24;5;2023-10-12
3488;59;6;2023-10-12
3489;99;6;2023-10-12
3490;3;6;2023-10-12
3491;68;6;2023-10-12
3492;101;5;2023-10-12
3493;40;6;2023-10-13
3494;48;5;2023-10-13
3495;54;5;2023-10-13
3496;35;6;2023-10-13
3497;95;5;2023-10-13
3498;56;5;2023-10-13
3499;89;5;2023-10-13
3500;40;6;2023-10-13
3501;77;5;2023-10-13
3502;68;6;2023-10-13
3503;46;5;2023-10-13
3504;78;5;2023-10-13
3505;13;5;2023-10-13
3506;27;6;2023-10-13
3507;6;6;2023-10-13
3508;17;5;2023-10-13
3509;36;6;2023-10-13
3510;99;5;2023-10-13
3511;81;6;2023-10-13
3512;2;5;2023-10-14
3513;77;5;2023-10-14
3514;52;5;2023-10-14
3515;66;6;2023-10-14
3516;52;6;2023-10-14
3517;92;6;2023-10-14
3518;43;5;2023-10-14
3519;90;5;2023-10-14
3520;22;6;2023-10-14
3521;55;5;2023-10-14
3522;67;6;2023-10-14
3523;99;6;2023-10-14
3524;60;6;2023-10-14
3525;58;6;2023-10-14
3526;12;6;2023-10-14
3527;88;5;2023-10-14
3528;69;5;2023-10-14
3529;84;6;2023-10-16
3530;39;6;2023-10-16
3531;13;6;2023-10-16
3532;41;6;2023-10-16
3533;57;5;2023-10-16
3534;53;5;2023-10-16
3535;12;6;2023-10-16
3536;13;6;2023-10-16
3537;74;6;2023-10-16
3538;97;5;2023-10-16
3539;57;5;2023-10-16
3540;40;5;2023-10-16
3541;80;6;2023-10-16
3542;45;6;2023-10-16
3543;35;5;2023-10-17
3544;3;6;2023-10-17
3545;5;5;2023-10-17
3546;90;6;2023-10-17
3547;11;5;2023-10-17
3548;71;5;2023-10-17
3549;56;5;2023-10-17
3550;10;5;2023-10-17
3551;34;5;2023-10-17
3552;67;5;2023-10-17
3553;72;6;2023-10-17
3554;31;5;2023-10-18
3555;75;5;2023-10-18
3556;71;6;2023-10-18
3557;66;5;2023-10-18
3558;70;5;2023-10-18
3559;41;5;2023-10-18
3560;63;5;2023-10-18
3561;32;5;2023-10-18
3562;20;6;2023-10-18
3563;57;6;2023-10-18
3564;98;6;2023-10-18
3565;50;6;2023-10-18
3566;80;6;2023-10-18
3567;25;5;2023-10-19
3568;12;5;2023-10-19
3569;71;5;2023-10-19
3570;39;6;2023-10-19
3571;17;6;2023-10-19
3572;45;6;2023-10-19
3573;11;5;2023-10-19
3574;70;6;2023-10-19
3575;23;5;2023-10-19
3576;91;6;2023-10-19
3577;70;6;2023-10-19
3578;38;5;2023-10-19
3579;2;5;2023-10-19
3580;86;6;2023-10-19
3581;84;6;2023-10-19
3582;89;6;2023-10-20
3583;79;6;2023-10-20
3584;93;5;2023-10-20
3585;72;6;2023-10-20
3586;37;5;2023-10-20
3587;49;6;2023-10-20
3588;52;5;2023-10-20
3589;33;6;2023-10-20
3590;22;5;2023-10-20
3591;5;6;2023-10-20
3592;18;5;2023-10-20
3593;38;6;2023-10-20
3594;37;6;2023-10-20
3595;94;6;2023-10-20
3596;95;6;2023-10-20
3597;64;6;2023-10-21
3598;10;6;2023-10-21
3599;79;6;2023-10-21
3600;42;6;2023-10-21
3601;48;5;2023-10-21
3602;44;5;2023-10-21
3603;82;6;2023-10-21
3604;87;5;2023-10-21
3605;97;6;2023-10-21
3606;16;6;2023-10-21
3607;54;5;2023-10-21
3608;35;6;2023-10-21
3609;98;6;2023-10-21
3610;28;5;2023-10-21
3611;2;5;2023-10-21
3612;94;6;2023-10-21
3613;13;5;2023-10-21
3614;41;5;2023-10-21
3615;80;6;2023-10-21
3616;59;5;2023-10-21
3617;69;6;2023-10-23
3618;92;5;2023-10-23
3619;53;5;2023-10-23
3620;45;6;2023-10-23
3621;20;6;2023-10-23
3622;24;6;2023-10-23
3623;61;5;2023-10-23
3624;91;6;2023-10-23
3625;94;6;2023-10-23
3626;58;5;2023-10-23
3627;27;6;2023-10-23
3628;26;6;2023-10-23
3629;7;6;2023-10-23
3630;42;6;2023-10-23
3631;47;6;2023-10-24
3632;53;6;2023-10-24
3633;59;5;2023-10-24
3634;38;6;2023-10-24
3635;69;5;2023-10-24
3636;87;5;2023-10-24
3637;92;5;2023-10-24
3638;98;6;2023-10-24
3639;53;5;2023-10-24
3640;15;5;2023-10-24
3641;96;5;2023-10-24
3642;26;6;2023-10-24
3643;48;6;2023-10-25
3644;95;6;2023-10-25
3645;19;6;2023-10-25
3646;9;6;2023-10-25
3647;64;5;2023-10-25
3648;93;5;2023-10-25
3649;54;5;2023-10-25
3650;51;5;2023-10-25
3651;39;6;2023-10-25
3652;4;5;2023-10-25
3653;3;5;2023-10-25
3654;64;5;2023-10-26
3655;29;6;2023-10-26
3656;11;6;2023-10-26
3657;97;6;2023-10-26
3658;58;5;2023-10-26
3659;75;6;2023-10-26
3660;27;5;2023-10-26
3661;97;6;2023-10-26
3662;21;6;2023-10-26
3663;39;6;2023-10-26
3664;95;6;2023-10-26
3665;46;6;2023-10-26
3666;66;5;2023-10-26
3667;91;6;2023-10-26
3668;36;5;2023-10-26
3669;75;5;2023-10-26
3670;82;5;2023-10-26
3671;65;5;2023-10-27
3672;63;6;2023-10-27
3673;99;6;2023-10-27
3674;35;6;2023-10-27
3675;31;6;2023-10-27
3676;28;5;2023-10-27
3677;1;6;2023-10-27
3678;25;6;2023-10-27
3679;43;5;2023-10-27
3680;84;5;2023-10-27
3681;67;6;2023-10-27
3682;63;6;2023-10-27
3683;51;5;2023-10-27
3684;2;6;2023-10-27
3685;82;6;2023-10-27
3686;64;6;2023-10-28
3687;74;5;2023-10-28
3688;69;5;2023-10-28
3689;9;5;2023-10-28
3690;2;6;2023-10-28
3691;34;6;2023-10-28
3692;60;6;2023-10-28
3693;61;6;2023-10-28
3694;31;6;2023-10-28
3695;10;5;2023-10-28
3696;76;6;2023-10-28
3697;36;6;2023-10-28
3698;85;5;2023-10-28
3699;49;6;2023-10-28
3700;70;5;2023-10-28
3701;49;5;2023-10-28
3702;3;5;2023-10-28
3703;74;5;2023-10-28
3704;5;6;2023-10-30
3705;90;5;2023-10-30
3706;61;5;2023-10-30
3707;85;6;2023-10-30
3708;90;6;2023-10-30
3709;26;5;2023-10-30
3710;72;6;2023-10-30
3711;5;6;2023-10-30
3712;15;5;2023-10-30
3713;16;5;2023-10-30
3714;1;6;2023-10-30
3715;16;5;2023-10-30
3716;37;6;2023-10-31
3717;3;5;2023-10-31
3718;52;5;2023-10-31
3719;47;5;2023-10-31
3720;95;5;2023-10-31
3721;13;5;2023-10-31
3722;80;6;2023-10-31
3723;55;6;2023-10-31
3724;21;5;2023-10-31
3725;66;6;2023-10-31
3726;54;5;2023-11-01
3727;27;5;2023-11-01
3728;38;5;2023-11-01
3729;90;5;2023-11-01
3730;58;6;2023-11-01
3731;62;6;2023-11-01
3732;46;5;2023-11-01
3733;89;6;2023-11-01
3734;11;5;2023-11-01
3735;72;6;2023-11-01
3736;8;5;2023-11-01
3737;97;6;2023-11-01
3738;71;5;2023-11-02
3739;64;6;2023-11-02
3740;21;6;2023-11-02
3741;72;5;2023-11-02
3742;63;6;2023-11-02
3743;85;5;2023-11-02
3744;64;6;2023-11-02
3745;20;6;2023-11-02
3746;8;5;2023-11-02
3747;58;6;2023-11-02
3748;46;6;2023-11-02
3749;31;5;2023-11-02
3750;93;6;2023-11-02
3751;9;5;2023-11-02
3752;15;5;2023-11-02
3753;94;5;2023-11-02
3754;26;5;2023-11-02
3755;10;5;2023-11-02
3756;29;6;2023-11-02
3757;80;5;2023-11-03
3758;36;6;2023-11-03
3759;84;6;2023-11-03
3760;37;6;2023-11-03
3761;86;5;2023-11-03
3762;71;5;2023-11-03
3763;23;5;2023-11-03
3764;41;6;2023-11-03
3765;93;5;2023-11-03
3766;80;6;2023-11-03
3767;28;5;2023-11-03
3768;48;6;2023-11-03
3769;38;5;2023-11-03
3770;31;5;2023-11-03
3771;14;5;2023-11-03
3772;97;6;2023-11-04
3773;73;5;2023-11-04
3774;91;5;2023-11-04
3775;88;5;2023-11-04
3776;77;6;2023-11-04
3777;90;5;2023-11-04
3778;29;5;2023-11-04
3779;51;5;2023-11-04
3780;49;5;2023-11-04
3781;43;6;2023-11-04
3782;92;6;2023-11-04
3783;92;5;2023-11-04
3784;72;5;2023-11-04
3785;87;6;2023-11-04
3786;93;6;2023-11-04
3787;5;5;2023-11-04
3788;42;6;2023-11-04
3789;7;6;2023-11-04
3790;42;6;2023-11-06
3791;36;5;2023-11-06
3792;27;5;2023-11-06
3793;58;6;2023-11-06
3794;46;5;2023-11-06
3795;66;6;2023-11-06
3796;25;5;2023-11-06
3797;73;6;2023-11-06
3798;27;5;2023-11-06
3799;1;6;2023-11-06
3800;87;6;2023-11-06
3801;74;5;2023-11-07
3802;42;6;2023-11-07
3803;52;6;2023-11-07
3804;25;5;2023-11-07
3805;54;5;2023-11-07
3806;67;5;2023-11-07
3807;6;5;2023-11-07
3808;58;5;2023-11-07
3809;70;5;2023-11-07
3810;53;6;2023-11-07
3811;66;6;2023-11-08
3812;58;5;2023-11-08
3813;82;5;2023-11-08
3814;87;6;2023-11-08
3815;2;6;2023-11-08
3816;76;5;2023-11-08
3817;22;6;2023-11-08
3818;37;6;2023-11-08
3819;20;6;2023-11-08
3820;24;6;2023-11-08
3821;84;5;2023-11-08
3822;65;6;2023-11-08
3823;65;5;2023-11-09
3824;81;5;2023-11-09
3825;1;5;2023-11-09
3826;94;6;2023-11-09
3827;3;6;2023-11-09
3828;46;5;2023-11-09
3829;55;5;2023-11-09
3830;75;5;2023-11-09
3831;88;5;2023-11-09
3832;86;6;2023-11-09
3833;64;5;2023-11-09
3834;45;6;2023-11-09
3835;26;5;2023-11-09
3836;77;5;2023-11-09
3837;65;5;2023-11-09
3838;24;6;2023-11-10
3839;74;6;2023-11-10
3840;35;6;2023-11-10
3841;24;5;2023-11-10
3842;28;5;2023-11-10
3843;100;6;2023-11-10
3844;80;6;2023-11-10
3845;16;5;2023-11-10
3846;59;5;2023-11-10
3847;81;6;2023-11-10
3848;54;5;2023-11-10
3849;79;5;2023-11-10
3850;16;6;2023-11-10
3851;15;5;2023-11-10
3852;98;6;2023-11-10
3853;11;6;2023-11-11
3854;65;5;2023-11-11
3855;79;6;2023-11-11
3856;90;6;2023-11-11
3857;68;6;2023-11-11
3858;43;6;2023-11-11
3859;69;5;2023-11-11
3860;99;5;2023-11-11
3861;13;6;2023-11-11
3862;10;5;2023-11-11
3863;75;5;2023-11-11
3864;82;5;2023-11-11
3865;98;5;2023-11-11
3866;41;5;2023-11-11
3867;50;6;2023-11-11
3868;87;6;2023-11-11
3869;71;6;2023-11-11
3870;59;5;2023-11-13
3871;39;6;2023-11-13
3872;3;5;2023-11-13
3873;76;5;2023-11-13
3874;7;6;2023-11-13
3875;49;5;2023-11-13
3876;26;6;2023-11-13
3877;33;6;2023-11-13
3878;101;5;2023-11-13
3879;48;5;2023-11-13
3880;79;6;2023-11-13
3881;2;6;2023-11-13
3882;71;5;2023-11-13
3883;32;6;2023-11-13
3884;4;6;2023-11-14
3885;20;5;2023-11-14
3886;36;6;2023-11-14
3887;32;5;2023-11-14
3888;28;6;2023-11-14
3889;77;5;2023-11-14
3890;1;5;2023-11-14
3891;60;5;2023-11-14
3892;56;6;2023-11-14
3893;35;6;2023-11-14
3894;30;6;2023-11-14
3895;54;5;2023-11-14
3896;36;6;2023-11-14
3897;55;5;2023-11-14
3898;89;5;2023-11-15
3899;80;5;2023-11-15
3900;58;6;2023-11-15
3901;83;6;2023-11-15
3902;65;6;2023-11-15
3903;69;5;2023-11-15
3904;51;5;2023-11-15
3905;22;6;2023-11-15
3906;88;6;2023-11-15
3907;101;6;2023-11-15
3908;53;5;2023-11-16
3909;100;5;2023-11-16
3910;36;5;2023-11-16
3911;68;6;2023-11-16
3912;36;5;2023-11-16
3913;52;5;2023-11-16
3914;53;5;2023-11-16
3915;82;5;2023-11-16
3916;50;5;2023-11-16
3917;80;6;2023-11-16
3918;41;5;2023-11-16
3919;18;5;2023-11-16
3920;22;5;2023-11-16
3921;66;6;2023-11-16
3922;21;6;2023-11-16
3923;100;6;2023-11-17
3924;44;5;2023-11-17
3925;47;5;2023-11-17
3926;39;5;2023-11-17
3927;29;6;2023-11-17
3928;54;5;2023-11-17
3929;90;5;2023-11-17
3930;85;6;2023-11-17
3931;17;5;2023-11-17
3932;80;5;2023-11-17
3933;60;6;2023-11-17
3934;31;5;2023-11-17
3935;73;5;2023-11-17
3936;95;5;2023-11-17
3937;78;5;2023-11-17
3938;49;5;2023-11-17
3939;101;6;2023-11-17
3940;2;6;2023-11-18
3941;48;6;2023-11-18
3942;14;5;2023-11-18
3943;59;5;2023-11-18
3944;97;5;2023-11-18
3945;99;5;2023-11-18
3946;58;5;2023-11-18
3947;58;6;2023-11-18
3948;51;6;2023-11-18
3949;84;5;2023-11-18
3950;2;5;2023-11-18
3951;41;5;2023-11-18
3952;83;6;2023-11-18
3953;101;5;2023-11-18
3954;82;5;2023-11-18
3955;16;5;2023-11-18
3956;4;6;2023-11-18
3957;12;5;2023-11-18
3958;29;6;2023-11-18
3959;7;6;2023-11-18
3960;14;6;2023-11-20
3961;12;5;2023-11-20
3962;99;5;2023-11-20
3963;5;5;2023-11-20
3964;81;6;2023-11-20
3965;32;5;2023-11-20
3966;74;6;2023-11-20
3967;43;6;2023-11-20
3968;81;6;2023-11-20
3969;69;5;2023-11-20
3970;45;6;2023-11-20
3971;9;6;2023-11-20
3972;49;5;2023-11-20
3973;33;6;2023-11-21
3974;100;5;2023-11-21
3975;100;5;2023-11-21
3976;18;5;2023-11-21
3977;9;6;2023-11-21
3978;62;5;2023-11-21
3979;57;5;2023-11-21
3980;29;5;2023-11-21
3981;78;6;2023-11-21
3982;25;5;2023-11-21
3983;15;5;2023-11-21
3984;6;5;2023-11-21
3985;42;5;2023-11-21
3986;29;6;2023-11-22
3987;79;6;2023-11-22
3988;93;6;2023-11-22
3989;4;5;2023-11-22
3990;82;6;2023-11-22
3991;57;6;2023-11-22
3992;49;6;2023-11-22
3993;44;5;2023-11-22
3994;80;5;2023-11-22
3995;75;6;2023-11-22
3996;14;6;2023-11-22
3997;3;5;2023-11-22
3998;62;6;2023-11-23
3999;64;5;2023-11-23
4000;45;6;2023-11-23
4001;82;5;2023-11-23
4002;58;6;2023-11-23
4003;20;6;2023-11-23
4004;58;5;2023-11-23
4005;89;6;2023-11-23
4006;57;6;2023-11-23
4007;77;6;2023-11-23
4008;68;5;2023-11-23
4009;78;5;2023-11-23
4010;97;5;2023-11-23
4011;92;6;2023-11-23
4012;52;5;2023-11-23
4013;37;6;2023-11-23
4014;8;6;2023-11-23
4015;44;6;2023-11-24
4016;98;6;2023-11-24
4017;5;5;2023-11-24
4018;69;5;2023-11-24
4019;31;5;2023-11-24
4020;45;6;2023-11-24
4021;9;6;2023-11-24
4022;32;6;2023-11-24
4023;33;6;2023-11-24
4024;67;6;2023-11-24
4025;30;5;2023-11-24
4026;76;5;2023-11-24
4027;29;6;2023-11-24
4028;3;6;2023-11-24
4029;90;5;2023-11-24
4030;57;5;2023-11-24
4031;30;5;2023-11-24
4032;9;6;2023-11-25
4033;26;5;2023-11-25
4034;2;6;2023-11-25
4035;62;5;2023-11-25
4036;3;5;2023-11-25
4037;46;5;2023-11-25
4038;68;6;2023-11-25
4039;25;6;2023-11-25
4040;51;5;2023-11-25
4041;13;6;2023-11-25
4042;44;6;2023-11-25
4043;35;5;2023-11-25
4044;55;5;2023-11-25
4045;87;6;2023-11-25
4046;9;6;2023-11-25
4047;2;6;2023-11-25
4048;61;5;2023-11-25
4049;41;6;2023-11-27
4050;44;5;2023-11-27
4051;64;5;2023-11-27
4052;31;6;2023-11-27
4053;47;6;2023-11-27
4054;2;5;2023-11-27
4055;96;5;2023-11-27
4056;82;6;2023-11-27
4057;77;5;2023-11-27
4058;69;5;2023-11-27
4059;58;6;2023-11-27
4060;44;6;2023-11-27
4061;74;6;2023-11-28
4062;56;6;2023-11-28
4063;43;5;2023-11-28
4064;89;6;2023-11-28
4065;34;6;2023-11-28
4066;101;5;2023-11-28
4067;30;6;2023-11-28
4068;71;6;2023-11-28
4069;70;5;2023-11-28
4070;55;6;2023-11-28
4071;67;5;2023-11-28
4072;13;5;2023-11-28
4073;3;6;2023-11-29
4074;26;5;2023-11-29
4075;57;6;2023-11-29
4076;24;5;2023-11-29
4077;53;6;2023-11-29
4078;70;6;2023-11-29
4079;43;6;2023-11-29
4080;60;5;2023-11-29
4081;58;6;2023-11-29
4082;49;6;2023-11-29
4083;42;5;2023-11-29
4084;76;6;2023-11-30
4085;100;6;2023-11-30
4086;66;6;2023-11-30
4087;11;5;2023-11-30
4088;98;5;2023-11-30
4089;90;5;2023-11-30
4090;18;5;2023-11-30
4091;85;6;2023-11-30
4092;100;5;2023-11-30
4093;52;5;2023-11-30
4094;46;5;2023-11-30
4095;44;6;2023-11-30
4096;22;6;2023-11-30
4097;53;5;2023-11-30
4098;59;5;2023-11-30
4099;94;6;2023-11-30
4100;30;6;2023-11-30
4101;8;6;2023-11-30
4102;98;6;2023-11-30
4103;57;6;2023-12-01
4104;73;6;2023-12-01
4105;20;6;2023-12-01
4106;25;5;2023-12-01
4107;19;5;2023-12-01
4108;5;5;2023-12-01
4109;75;5;2023-12-01
4110;79;5;2023-12-01
4111;72;5;2023-12-01
4112;83;6;2023-12-01
4113;87;6;2023-12-01
4114;27;5;2023-12-01
4115;40;5;2023-12-01
4116;96;6;2023-12-01
4117;26;6;2023-12-01
4118;27;6;2023-12-01
4119;62;6;2023-12-02
4120;83;5;2023-12-02
4121;50;5;2023-12-02
4122;42;6;2023-12-02
4123;29;6;2023-12-02
4124;39;5;2023-12-02
4125;60;6;2023-12-02
4126;41;6;2023-12-02
4127;33;5;2023-12-02
4128;83;6;2023-12-02
4129;101;5;2023-12-02
4130;83;5;2023-12-02
4131;97;6;2023-12-02
4132;16;5;2023-12-02
4133;23;5;2023-12-02
4134;7;6;2023-12-02
4135;26;6;2023-12-02
4136;96;5;2023-12-04
4137;12;6;2023-12-04
4138;72;5;2023-12-04
4139;5;6;2023-12-04
4140;92;6;2023-12-04
4141;69;5;2023-12-04
4142;49;6;2023-12-04
4143;26;5;2023-12-04
4144;5;5;2023-12-04
4145;22;6;2023-12-04
4146;79;6;2023-12-05
4147;13;5;2023-12-05
4148;28;5;2023-12-05
4149;33;5;2023-12-05
4150;23;6;2023-12-05
4151;97;5;2023-12-05
4152;18;6;2023-12-05
4153;30;5;2023-12-05
4154;26;5;2023-12-05
4155;16;6;2023-12-05
4156;77;6;2023-12-06
4157;39;6;2023-12-06
4158;33;5;2023-12-06
4159;26;5;2023-12-06
4160;48;6;2023-12-06
4161;65;5;2023-12-06
4162;38;5;2023-12-06
4163;2;5;2023-12-06
4164;6;6;2023-12-06
4165;46;5;2023-12-06
4166;50;5;2023-12-06
4167;38;5;2023-12-06
4168;88;6;2023-12-06
4169;18;5;2023-12-07
4170;27;6;2023-12-07
4171;41;6;2023-12-07
4172;72;5;2023-12-07
4173;92;5;2023-12-07
4174;74;6;2023-12-07
4175;17;6;2023-12-07
4176;62;6;2023-12-07
4177;29;6;2023-12-07
4178;58;6;2023-12-07
4179;70;6;2023-12-07
4180;78;6;2023-12-07
4181;22;5;2023-12-07
4182;6;6;2023-12-07
4183;26;6;2023-12-07
4184;39;5;2023-12-07
4185;12;6;2023-12-07
4186;99;5;2023-12-08
4187;14;6;2023-12-08
4188;22;5;2023-12-08
4189;51;5;2023-12-08
4190;23;5;2023-12-08
4191;48;5;2023-12-08
4192;71;6;2023-12-08
4193;50;5;2023-12-08
4194;89;5;2023-12-08
4195;13;6;2023-12-08
4196;85;5;2023-12-08
4197;10;5;2023-12-08
4198;55;5;2023-12-08
4199;9;5;2023-12-08
4200;79;6;2023-12-08
4201;52;5;2023-12-08
4202;2;5;2023-12-09
4203;25;5;2023-12-09
4204;13;5;2023-12-09
4205;98;5;2023-12-09
4206;51;6;2023-12-09
4207;58;6;2023-12-09
4208;34;6;2023-12-09
4209;35;5;2023-12-09
4210;3;6;2023-12-09
4211;59;5;2023-12-09
4212;70;5;2023-12-09
4213;48;5;2023-12-09
4214;64;5;2023-12-09
4215;19;5;2023-12-09
4216;67;6;2023-12-09
4217;82;6;2023-12-09
4218;73;5;2023-12-09
4219;76;6;2023-12-09
4220;5;5;2023-12-11
4221;67;6;2023-12-11
4222;11;5;2023-12-11
4223;94;5;2023-12-11
4224;68;6;2023-12-11
4225;69;6;2023-12-11
4226;1;6;2023-12-11
4227;91;5;2023-12-11
4228;92;5;2023-12-11
4229;63;6;2023-12-11
4230;29;6;2023-12-12
4231;82;6;2023-12-12
4232;12;5;2023-12-12
4233;77;5;2023-12-12
4234;41;6;2023-12-12
4235;2;6;2023-12-12
4236;37;6;2023-12-12
4237;45;6;2023-12-12
4238;80;5;2023-12-12
4239;48;6;2023-12-12
4240;24;6;2023-12-12
4241;99;6;2023-12-12
4242;22;6;2023-12-13
4243;100;5;2023-12-13
4244;11;5;2023-12-13
4245;58;5;2023-12-13
4246;46;6;2023-12-13
4247;29;6;2023-12-13
4248;35;5;2023-12-13
4249;15;6;2023-12-13
4250;60;6;2023-12-13
4251;95;5;2023-12-13
4252;42;5;2023-12-13
4253;43;6;2023-12-13
4254;80;6;2023-12-14
4255;74;6;2023-12-14
4256;49;5;2023-12-14
4257;64;6;2023-12-14
4258;32;6;2023-12-14
4259;64;5;2023-12-14
4260;2;5;2023-12-14
4261;24;5;2023-12-14
4262;87;6;2023-12-14
4263;66;5;2023-12-14
4264;38;5;2023-12-14
4265;31;5;2023-12-14
4266;26;5;2023-12-14
4267;29;6;2023-12-14
4268;67;6;2023-12-14
4269;78;5;2023-12-14
4270;25;6;2023-12-14
4271;48;5;2023-12-15
4272;65;6;2023-12-15
4273;53;6;2023-12-15
4274;67;5;2023-12-15
4275;90;5;2023-12-15
4276;18;6;2023-12-15
4277;9;5;2023-12-15
4278;38;6;2023-12-15
4279;87;5;2023-12-15
4280;21;5;2023-12-15
4281;65;6;2023-12-15
4282;21;6;2023-12-15
4283;27;6;2023-12-15
4284;70;6;2023-12-15
4285;44;6;2023-12-15
4286;100;6;2023-12-15
4287;28;6;2023-12-15
4288;45;5;2023-12-15
4289;17;5;2023-12-15
4290;40;6;2023-12-16
4291;3;6;2023-12-16
4292;76;5;2023-12-16
4293;76;6;2023-12-16
4294;66;6;2023-12-16
4295;46;5;2023-12-16
4296;86;6;2023-12-16
4297;87;5;2023-12-16
4298;30;5;2023-12-16
4299;69;6;2023-12-16
4300;9;6;2023-12-16
4301;85;6;2023-12-16
4302;11;5;2023-12-16
4303;69;5;2023-12-16
4304;99;5;2023-12-16
4305;91;6;2023-12-16
4306;66;6;2023-12-16
4307;88;6;2023-12-16
4308;31;5;2023-12-18
4309;33;5;2023-12-18
4310;39;5;2023-12-18
4311;94;5;2023-12-18
4312;46;6;2023-12-18
4313;37;6;2023-12-18
4314;92;6;2023-12-18
4315;60;5;2023-12-18
4316;31;5;2023-12-18
4317;11;6;2023-12-18
4318;87;6;2023-12-18
4319;2;5;2023-12-18
4320;27;6;2023-12-18
4321;99;5;2023-12-19
4322;2;5;2023-12-19
4323;101;6;2023-12-19
4324;21;6;2023-12-19
4325;58;5;2023-12-19
4326;5;6;2023-12-19
4327;52;5;2023-12-19
4328;45;5;2023-12-19
4329;85;5;2023-12-19
4330;93;5;2023-12-19
4331;20;6;2023-12-19
4332;61;5;2023-12-19
4333;38;5;2023-12-19
4334;20;6;2023-12-19
4335;25;5;2023-12-20
4336;2;6;2023-12-20
4337;32;6;2023-12-20
4338;26;6;2023-12-20
4339;70;5;2023-12-20
4340;41;6;2023-12-20
4341;67;6;2023-12-20
4342;97;5;2023-12-20
4343;1;5;2023-12-20
4344;51;5;2023-12-20
4345;5;5;2023-12-20
4346;13;5;2023-12-20
4347;19;6;2023-12-20
4348;12;6;2023-12-20
4349;48;5;2023-12-21
4350;25;5;2023-12-21
4351;57;6;2023-12-21
4352;35;6;2023-12-21
4353;76;5;2023-12-21
4354;94;6;2023-12-21
4355;5;5;2023-12-21
4356;98;6;2023-12-21
4357;22;6;2023-12-21
4358;77;6;2023-12-21
4359;57;5;2023-12-21
4360;47;6;2023-12-21
4361;54;6;2023-12-21
4362;3;5;2023-12-21
4363;53;6;2023-12-21
4364;84;5;2023-12-22
4365;31;5;2023-12-22
4366;69;5;2023-12-22
4367;88;5;2023-12-22
4368;33;6;2023-12-22
4369;72;5;2023-12-22
4370;88;5;2023-12-22
4371;50;5;2023-12-22
4372;84;5;2023-12-22
4373;16;6;2023-12-22
4374;76;5;2023-12-22
4375;77;6;2023-12-22
4376;39;5;2023-12-22
4377;89;6;2023-12-22
4378;46;5;2023-12-22
4379;96;6;2023-12-23
4380;88;5;2023-12-23
4381;47;6;2023-12-23
4382;44;5;2023-12-23
4383;9;6;2023-12-23
4384;87;5;2023-12-23
4385;50;5;2023-12-23
4386;77;6;2023-12-23
4387;60;5;2023-12-23
4388;96;5;2023-12-23
4389;15;5;2023-12-23
4390;36;5;2023-12-23
4391;63;5;2023-12-23
4392;69;5;2023-12-23
4393;86;6;2023-12-23
4394;80;5;2023-12-25
4395;41;6;2023-12-25
4396;74;5;2023-12-25
4397;24;5;2023-12-25
4398;82;5;2023-12-25
4399;49;5;2023-12-25
4400;18;6;2023-12-25
4401;7;5;2023-12-25
4402;4;6;2023-12-25
4403;90;5;2023-12-25
4404;69;6;2023-12-25
4405;60;6;2023-12-25
4406;55;6;2023-12-25
4407;16;6;2023-12-26
4408;99;5;2023-12-26
4409;90;6;2023-12-26
4410;82;5;2023-12-26
4411;29;6;2023-12-26
4412;23;6;2023-12-26
4413;14;5;2023-12-26
4414;79;6;2023-12-26
4415;49;6;2023-12-26
4416;33;6;2023-12-26
4417;25;5;2023-12-27
4418;21;6;2023-12-27
4419;17;6;2023-12-27
4420;23;5;2023-12-27
4421;57;6;2023-12-27
4422;81;6;2023-12-27
4423;58;5;2023-12-27
4424;14;6;2023-12-27
4425;93;5;2023-12-27
4426;20;5;2023-12-27
4427;30;5;2023-12-27
4428;19;6;2023-12-27
4429;53;5;2023-12-27
4430;56;6;2023-12-28
4431;77;5;2023-12-28
4432;82;6;2023-12-28
4433;23;6;2023-12-28
4434;62;6;2023-12-28
4435;33;6;2023-12-28
4436;18;5;2023-12-28
4437;73;5;2023-12-28
4438;33;5;2023-12-28
4439;32;5;2023-12-28
4440;61;5;2023-12-28
4441;54;6;2023-12-28
4442;17;5;2023-12-28
4443;19;5;2023-12-28
4444;91;5;2023-12-28
4445;70;6;2023-12-28
4446;99;6;2023-12-28
4447;101;5;2023-12-29
4448;34;5;2023-12-29
4449;84;6;2023-12-29
4450;25;6;2023-12-29
4451;68;5;2023-12-29
4452;74;5;2023-12-29
4453;74;6;2023-12-29
4454;88;5;2023-12-29
4455;85;6;2023-12-29
4456;11;5;2023-12-29
4457;91;6;2023-12-29
4458;16;5;2023-12-29
4459;90;5;2023-12-29
4460;61;6;2023-12-29
4461;94;5;2023-12-29
4462;80;5;2023-12-29
4463;7;5;2023-12-30
4464;16;5;2023-12-30
4465;99;6;2023-12-30
4466;16;6;2023-12-30
4467;40;6;2023-12-30
4468;12;5;2023-12-30
4469;35;5;2023-12-30
4470;21;5;2023-12-30
4471;50;5;2023-12-30
4472;43;6;2023-12-30
4473;100;5;2023-12-30
4474;17;5;2023-12-30
4475;32;5;2023-12-30
4476;41;6;2023-12-30
4477;6;5;2023-12-30
4478;88;5;2023-12-30
4479;27;5;2023-12-30
4480;20;5;2023-12-30
4481;25;5;2023-12-30
